ID,First Name,Last Name,DOB,Role,Money Available,Flights Purchased,MinerAirlines Membership,Username,Password
1,Mickey,Mouse,2/21/1921,Customer,10793.11,0,true,mickeymouse,Fun!23
2,Donald,Duck,7/10/1949,Customer,7391.37,0,false,donaldduck,Fun!23
3,Minnie,Mouse,11/23/1921,Customer,15599.17,0,false,minniemouse,Fun!23
4,Goofy,Disney,12/14/1919,Customer,6755.07,0,false,goofydisney,Fun!23
5,Pluto,Disney,2/28/1903,Customer,15155.13,0,false,plutodisney,Fun!23
6,Chip,Disney,1/16/1938,Customer,14312.35,0,false,chipdisney,Fun!23
7,Dale,Disney,5/9/1984,Customer,15568.32,0,false,daledisney,Fun!23
8,Cinderella,Disney,12/8/1993,Customer,17479.63,0,true,cinderelladisney,Fun!23
9,Ariel,Disney,1/26/1946,Customer,14258.9,0,false,arieldisney,Fun!23
10,Jasmine,Disney,10/10/1933,Customer,13082.09,0,true,jasminedisney,Fun!23
11,Aladdin,Disney,2/8/1998,Customer,7974.04,0,true,aladdindisney,Fun!23
12,Simba,Disney,7/5/1930,Customer,9091.29,0,false,simbadisney,Fun!23
13,Mufassa,Disney,1/27/1961,Customer,11371.95,0,false,mufassadisney,Fun!23
14,Aurora,Disney,8/16/1925,Customer,5329.51,0,true,auroradisney,Fun!23
15,Peter,Pan,7/2/1987,Customer,16783.19,0,true,peterpan,Fun!23
16,Woody,Disney,1/7/1956,Customer,14019.18,0,false,woodydisney,Fun!23
17,Buzz,Lightyear,5/6/1937,Customer,4363.89,0,false,buzzlightyear,Fun!23
18,Jafar,Aladdin,11/16/1968,Customer,17624.91,0,true,jafaraladdin,Fun!23
19,Ursela,Mermaid,2/14/1988,Customer,17543.06,0,false,urselamermaid,Fun!23
20,Beast,Disney,11/22/1962,Customer,19244.63,0,true,beastdisney,Fun!23
21,Belle,Disney,3/26/1933,Customer,18413.19,0,true,belledisney,Fun!23
22,Cruella,De Vil,6/20/1951,Customer,7376.27,0,false,cruellade vil,Fun!23
23,Scar,Lion,4/13/1929,Customer,3200.36,0,true,scarlion,Fun!23
24,Simba,King,12/5/1925,Customer,19857.14,0,true,simbaking,Fun!23
25,Gaston,Disney,9/14/1954,Customer,17594.07,0,true,gastondisney,Fun!23
26,Shere,Khan,7/17/1917,Customer,16971.77,0,true,sherekhan,Fun!23
27,Captaiin,Hook,6/29/1923,Customer,15162.75,0,true,captaiinhook,Fun!23
28,Kaa,Disney,3/12/1987,Customer,19843.84,0,true,kaadisney,Fun!23
29,Evil,Queen,12/7/1948,Customer,17668.07,0,false,evilqueen,Fun!23
30,Pinocchio,Disney,6/18/1959,Customer,15332.82,0,true,pinocchiodisney,Fun!23
31,Prince,Eric,2/8/1941,Customer,7432,0,false,princeeric,Fun!23
32,Quasimodo,Disney,12/25/1971,Customer,18002.61,0,false,quasimododisney,Fun!23
33,Hercules,Disney,8/3/1907,Customer,12738,0,true,herculesdisney,Fun!23
34,Mulan,Disney,6/1/1961,Customer,14744.3,0,false,mulandisney,Fun!23
35,Lilo,Disney,8/21/1911,Customer,12709.9,0,false,lilodisney,Fun!23
36,Stitch,Disney,9/11/1907,Customer,7499.25,0,false,stitchdisney,Fun!23
37,Daniel,Mejia,11/6/1926,Employee,18648.15,0,false,danielmejia,Fun!23
38,Ashley,Gilmore,12/11/1997,Employee,14551.88,0,true,ashleygilmore,Fun!23
39,Diana,Valles,7/3/1913,Employee,5788.5,0,false,dianavalles,Fun!23
40,Isabella,Gaytan,5/10/1972,Employee,9413.67,0,true,isabellagaytan,Fun!23
41,Diana,Garcia,8/4/1980,Employee,8372.09,0,true,dianagarcia,Fun!23
42,Alexis,Acosta,3/12/1984,Employee,9733.57,0,true,alexisacosta,Fun!23
43,Akinyemi,Akinjayeju,1/16/1988,Employee,14862.02,0,false,akinyemiakinjayeju,Fun!23
44,Bryan,Arriaga,11/4/1992,Employee,11118.8,0,true,bryanarriaga,Fun!23
45,Jessica,Barragan,4/6/1924,Employee,12944.19,0,true,jessicabarragan,Fun!23
46,Ruben,CarmonaMedrano,5/26/1934,Employee,14646.04,0,false,rubencarmonamedrano,Fun!23
47,Brandon,CartwrightLi,11/30/1982,Employee,11424.97,0,false,brandoncartwrightli,Fun!23
48,Jasmin,Cuevas,12/31/1980,Employee,7991.55,0,false,jasmincuevas,Fun!23
49,Luis,Del Campo,9/27/1938,Employee,18712.43,0,true,luisdel campo,Fun!23
50,Garab,Dorji,7/8/1982,Employee,10487.05,0,false,garabdorji,Fun!23
51,Marc,Driver,12/13/1929,Employee,14336.95,0,true,marcdriver,Fun!23
52,Jose,Espinoza Gonzalez,9/2/1931,Employee,6362.98,0,false,joseespinoza gonzalez,Fun!23
53,Alondra,GonzalezAyala,9/8/1948,Employee,6199.24,0,false,alondragonzalezayala,Fun!23
54,Omar,Hoang,9/29/1984,Employee,15587.88,0,false,omarhoang,Fun!23
55,Ian,Islas,1/10/1964,Employee,4548.46,0,false,ianislas,Fun!23
56,Victor,Lopez,7/19/1924,Employee,7853.36,0,true,victorlopez,Fun!23
57,Denisse,LoyaVillalobos,5/11/1991,Employee,13372.56,0,true,denisseloyavillalobos,Fun!23
58,Miguel,Lucero,11/4/1944,Employee,4304.98,0,true,miguellucero,Fun!23
59,Daniel,Lucio,10/17/1959,Employee,14806.48,0,true,daniellucio,Fun!23
60,Ashley,Magallanes,4/18/1920,Employee,11439.29,0,true,ashleymagallanes,Fun!23
61,Leila,Martinez,7/31/1984,Employee,9687.13,0,true,leilamartinez,Fun!23
62,Enrique,Munoz,3/21/1968,Employee,14873,0,true,enriquemunoz,Fun!23
63,Alejandro,Olivas,2/4/1941,Employee,6978.92,0,true,alejandroolivas,Fun!23
64,Santiago,Olivas,12/19/1975,Employee,16773.86,0,false,santiagoolivas,Fun!23
65,Bella,Quintero,3/31/1913,Employee,9068.71,0,false,bellaquintero,Fun!23
66,Samuel,RamosSanchez,7/1/1981,Employee,3114.95,0,false,samuelramossanchez,Fun!23
67,Enrique,Rico,12/20/1919,Employee,7727.02,0,true,enriquerico,Fun!23
68,Emilia,Rivas,4/5/1944,Employee,9392.34,0,true,emiliarivas,Fun!23
69,Mayra,Robles,4/6/1947,Employee,18490.15,0,false,mayrarobles,Fun!23
70,Brian,RodilesDelgado,3/16/1918,Employee,6336.05,0,true,brianrodilesdelgado,Fun!23
71,Seth,Rodriguez,8/9/1955,Employee,18000.11,0,false,sethrodriguez,Fun!23
72,Jorge,RodriguezOrtega,1/15/1904,Employee,6452.59,0,true,jorgerodriguezortega,Fun!23
73,Jose Luis,Rojas,8/28/1955,Employee,5132.63,0,false,jose luisrojas,Fun!23
74,Eduardo,Romero,10/28/1904,Employee,5264.04,0,false,eduardoromero,Fun!23
75,Gustavo,Rubio,6/25/1900,Employee,6903.2,0,false,gustavorubio,Fun!23
76,Sariyah,Russell,12/3/1970,Employee,12093.08,0,false,sariyahrussell,Fun!23
77,Ian,Rybak,5/23/1937,Employee,4389.39,0,true,ianrybak,Fun!23
78,Luis,Sanchez,2/14/1907,Employee,18391.2,0,true,luissanchez,Fun!23
79,Michael,Santoyo,5/11/1987,Employee,18902.18,0,true,michaelsantoyo,Fun!23
80,Gabriela,SigalaAcosta,12/11/1921,Employee,6066.42,0,true,gabrielasigalaacosta,Fun!23
81,Andres,Soto,7/27/1932,Employee,17210.1,0,false,andressoto,Fun!23
82,Gabriel,Terrazas,3/13/1918,Employee,7290.81,0,false,gabrielterrazas,Fun!23
83,Sonam,Tshering,11/22/1962,Employee,6157.16,0,true,sonamtshering,Fun!23
84,Christina,Valtierra,4/28/1996,Employee,4945.65,0,false,christinavaltierra,Fun!23
85,Francisco,Vazquez,6/19/1967,Employee,19679.42,0,true,franciscovazquez,Fun!23
86,Andrea,Villagomez,5/6/1922,Employee,19950.6,0,false,andreavillagomez,Fun!23
87,Alberto,Villegas,2/1/1932,Employee,11168.67,0,true,albertovillegas,Fun!23
88,Geoff,Waller,11/6/2000,Employee,13784.97,0,false,geoffwaller,Fun!23
89,Jeffrey,Walls,8/13/1980,Employee,15066.65,0,false,jeffreywalls,Fun!23
90,Alex,Watson,1/29/1953,Employee,17279.55,0,false,alexwatson,Fun!23
91,Tom,Perez,10/9/2000,Employee,14679.8,0,true,tomperez,Fun!23
92,Brad,Patel,10/30/1965,Employee,9543.97,0,false,bradpatel,Fun!23
93,Robert,Lyons,12/6/2000,Employee,11394.39,0,true,robertlyons,Fun!23
94,Dana,Williams,6/8/1957,Employee,13645.73,0,true,danawilliams,Fun!23
95,Brittany,Andrews,5/1/1953,Employee,11935.6,0,true,brittanyandrews,Fun!23
96,Sean,Klein,11/19/1996,Employee,11807.19,0,true,seanklein,Fun!23
97,Stephanie,Mcdonald,4/26/1981,Employee,10768.54,0,true,stephaniemcdonald,Fun!23
98,Daniel,Olson,5/16/1993,Employee,19855.06,0,true,danielolson,Fun!23
99,Christopher,Contreras,12/24/1971,Employee,10134.83,0,true,christophercontreras,Fun!23
100,David,Brown,6/19/1978,Employee,18539.13,0,false,davidbrown,Fun!23
101,Patrick,Henderson,5/23/1930,Employee,6114.7,0,false,patrickhenderson,Fun!23
102,Erica,Harrison,9/9/1967,Employee,16980.84,0,true,ericaharrison,Fun!23
103,Katherine,Evans,2/20/1920,Employee,12490.42,0,false,katherineevans,Fun!23
104,Robert,Preston,2/8/1906,Employee,17473.62,0,false,robertpreston,Fun!23
105,Melissa,Mccormick,10/2/1968,Employee,12901.6,0,false,melissamccormick,Fun!23
106,Austin,Griffin,5/17/1954,Employee,7541.7,0,true,austingriffin,Fun!23
107,Michael,Sanchez,11/1/1960,Employee,16990.88,0,false,michaelsanchez,Fun!23
108,Theresa,Obrien,8/5/1948,Employee,18745.39,0,true,theresaobrien,Fun!23
109,Chelsea,Gallagher,6/3/1956,Employee,18485.18,0,true,chelseagallagher,Fun!23
110,Crystal,Hudson,6/30/1982,Employee,17489.47,0,false,crystalhudson,Fun!23
111,Travis,Mcdonald,7/22/1960,Employee,8409.76,0,true,travismcdonald,Fun!23
112,Logan,Palmer,12/19/1995,Employee,18925.24,0,false,loganpalmer,Fun!23
113,Renee,Bradley,5/8/1929,Employee,14719.05,0,true,reneebradley,Fun!23
114,Michele,Stevens,5/17/1909,Employee,6224.17,0,false,michelestevens,Fun!23
115,Kirsten,Robinson,9/8/1981,Employee,7994.45,0,true,kirstenrobinson,Fun!23
116,Douglas,Rodriguez,7/23/1952,Employee,15803.4,0,true,douglasrodriguez,Fun!23
117,Christopher,Norris,3/26/1926,Employee,12794.89,0,false,christophernorris,Fun!23
118,Crystal,Walker,8/25/1968,Employee,9916.98,0,true,crystalwalker,Fun!23
119,Sean,Roberts,12/8/1913,Employee,7733.4,0,false,seanroberts,Fun!23
120,Brittany,Hawkins,11/2/1947,Employee,8091.65,0,false,brittanyhawkins,Fun!23
121,Beverly,Johnson,6/30/1987,Employee,10481.76,0,true,beverlyjohnson,Fun!23
122,Stephen,Ellis,10/6/1931,Employee,14524.4,0,true,stephenellis,Fun!23
123,James,King,2/15/1935,Employee,18031.88,0,false,jamesking,Fun!23
124,Pamela,Carter,2/18/1964,Employee,11295.42,0,true,pamelacarter,Fun!23
125,Brian,Andrews,2/28/1973,Employee,7498.84,0,false,brianandrews,Fun!23
126,Megan,Noble,5/20/1952,Employee,13515.07,0,false,megannoble,Fun!23
127,Monica,Davenport,5/14/1944,Employee,18282.4,0,false,monicadavenport,Fun!23
128,Michelle,Holland,6/21/1946,Employee,5390.86,0,false,michelleholland,Fun!23
129,Kyle,Hodges,11/8/1930,Employee,7674.67,0,true,kylehodges,Fun!23
130,Paula,Wyatt,10/24/1941,Employee,13637,0,true,paulawyatt,Fun!23
131,Shane,Miller,11/12/1983,Employee,4305.31,0,true,shanemiller,Fun!23
132,Kimberly,Kline,3/24/1954,Employee,6323.84,0,false,kimberlykline,Fun!23
133,Hannah,Arias,11/11/1990,Employee,12755.83,0,false,hannaharias,Fun!23
134,Daniel,Hampton,11/17/1956,Employee,16397.24,0,false,danielhampton,Fun!23
135,Jerry,Curtis,7/9/1965,Employee,14764.42,0,false,jerrycurtis,Fun!23
136,Jeffrey,Weiss,4/26/1990,Employee,6280.18,0,false,jeffreyweiss,Fun!23
137,Ronald,Parker,6/3/1964,Employee,14988.55,0,false,ronaldparker,Fun!23
138,Christopher,Coleman,8/2/1990,Employee,19069,0,false,christophercoleman,Fun!23
139,Thomas,Clark,11/15/1924,Employee,9138.7,0,false,thomasclark,Fun!23
140,Ashley,Romero,3/16/1912,Employee,17779.55,0,false,ashleyromero,Fun!23
141,Gail,Parker,5/16/1983,Employee,14700.55,0,false,gailparker,Fun!23
142,Sean,Medina,11/15/1920,Employee,17070.12,0,true,seanmedina,Fun!23
143,Edward,Hernandez,1/12/1908,Employee,12234.4,0,true,edwardhernandez,Fun!23
144,Todd,Brooks,10/16/1936,Employee,14720.99,0,true,toddbrooks,Fun!23
145,Richard,Torres,4/8/1997,Employee,14266.21,0,false,richardtorres,Fun!23
146,David,Gardner,4/1/1907,Employee,10441.33,0,true,davidgardner,Fun!23
147,Rachel,Vasquez,1/12/1945,Employee,11365.22,0,false,rachelvasquez,Fun!23
148,Ashley,Evans,12/30/1962,Employee,10938.27,0,false,ashleyevans,Fun!23
149,Nancy,Morgan,11/15/1968,Employee,15353.18,0,true,nancymorgan,Fun!23
150,Richard,Vargas,2/22/1924,Employee,13279.2,0,false,richardvargas,Fun!23
151,Derrick,Grant,3/3/2000,Employee,3840.48,0,true,derrickgrant,Fun!23
152,Victoria,Martin,10/12/1941,Employee,16150.14,0,false,victoriamartin,Fun!23
153,Marissa,Wagner,6/8/1941,Employee,14423.84,0,false,marissawagner,Fun!23
154,Stephanie,Harris,3/15/1990,Employee,4960.66,0,false,stephanieharris,Fun!23
155,Richard,Blackwell,8/25/1947,Employee,12171.38,0,false,richardblackwell,Fun!23
156,Dylan,Harris,10/10/1995,Employee,18841.61,0,false,dylanharris,Fun!23
157,Philip,Zamora,2/19/1961,Employee,3626.85,0,false,philipzamora,Fun!23
158,Melanie,Kirk,11/14/1973,Employee,10942.3,0,false,melaniekirk,Fun!23
159,Michael,Moran,4/11/1906,Employee,8705.55,0,true,michaelmoran,Fun!23
160,Jason,Burke,10/15/1975,Employee,9792.06,0,true,jasonburke,Fun!23
161,Susan,Hill,1/21/1992,Employee,11308.78,0,true,susanhill,Fun!23
162,Lauren,Neal,11/18/1975,Employee,9270.01,0,true,laurenneal,Fun!23
163,Jennifer,Williams,11/4/1921,Employee,11281.82,0,false,jenniferwilliams,Fun!23
164,Haley,Moss,8/29/1991,Employee,15899.72,0,false,haleymoss,Fun!23
165,Justin,Wilson,10/13/1935,Employee,8798.26,0,false,justinwilson,Fun!23
166,Craig,Espinoza,12/18/1907,Employee,19322.98,0,false,craigespinoza,Fun!23
167,Julie,Alexander,4/9/1901,Employee,19906.83,0,false,juliealexander,Fun!23
168,Anthony,Sanchez,5/31/1961,Employee,11052.58,0,false,anthonysanchez,Fun!23
169,Thomas,King,9/13/1906,Employee,5970.76,0,false,thomasking,Fun!23
170,Christina,Walker,3/23/1984,Employee,13969.58,0,false,christinawalker,Fun!23
171,Linda,Bennett,8/30/1973,Employee,5923.7,0,false,lindabennett,Fun!23
172,Karla,Johnson,1/17/1982,Employee,9319.18,0,true,karlajohnson,Fun!23
173,Jill,Henderson,10/12/1979,Employee,5843.9,0,false,jillhenderson,Fun!23
174,Sandra,Rogers,3/31/1903,Employee,5349.63,0,true,sandrarogers,Fun!23
175,Samuel,Harrington,2/23/1958,Employee,16379.72,0,true,samuelharrington,Fun!23
176,Andrew,Garcia,7/2/1906,Employee,15642.41,0,false,andrewgarcia,Fun!23
177,James,Pittman,11/5/1967,Employee,8695.74,0,false,jamespittman,Fun!23
178,Shannon,Holden,5/25/1971,Employee,18632.72,0,false,shannonholden,Fun!23
179,Renee,Zimmerman,10/3/1926,Employee,17279.57,0,true,reneezimmerman,Fun!23
180,Richard,Brown,8/24/1986,Employee,4805.49,0,true,richardbrown,Fun!23
181,Michael,Smith,6/20/1994,Employee,14247.06,0,true,michaelsmith,Fun!23
182,Nathan,Coleman,6/27/1925,Employee,13350.59,0,false,nathancoleman,Fun!23
183,Kimberly,Richardson,9/22/1931,Employee,13606,0,false,kimberlyrichardson,Fun!23
184,Emily,Richardson,2/5/1958,Employee,4413.23,0,false,emilyrichardson,Fun!23
185,Michael,White,7/31/1908,Employee,17545,0,false,michaelwhite,Fun!23
186,Cody,Scott,5/26/1902,Employee,12977.79,0,true,codyscott,Fun!23
187,Jeremy,Alvarez,12/25/1952,Employee,11051.02,0,true,jeremyalvarez,Fun!23
188,Keith,Ortiz,2/19/1971,Employee,4522.26,0,true,keithortiz,Fun!23
189,Mark,Ramos,4/29/1900,Employee,8088.91,0,false,markramos,Fun!23
190,Eric,Vazquez,5/17/1910,Employee,4893.34,0,false,ericvazquez,Fun!23
191,James,Hammond,5/7/1994,Employee,19208.69,0,false,jameshammond,Fun!23
192,Michelle,Maldonado,7/8/1940,Employee,10859.73,0,false,michellemaldonado,Fun!23
193,Jeremy,Morris,4/19/1983,Employee,17597.2,0,false,jeremymorris,Fun!23
194,Olivia,Romero,10/13/1915,Employee,15466.46,0,true,oliviaromero,Fun!23
195,Nicholas,Anderson,12/17/1985,Employee,15495.98,0,false,nicholasanderson,Fun!23
196,Kim,Buckley,11/26/1953,Employee,5315.81,0,true,kimbuckley,Fun!23
197,Nicole,Rowland,7/20/1980,Employee,7557.61,0,true,nicolerowland,Fun!23
198,Samantha,Howell,3/4/1933,Employee,12989.43,0,false,samanthahowell,Fun!23
199,Jerry,Lee,8/26/1937,Employee,6085.6,0,false,jerrylee,Fun!23
200,James,Nolan,8/1/1959,Employee,15124.08,0,true,jamesnolan,Fun!23
201,Sharon,Miller,2/6/1974,Employee,7813.22,0,false,sharonmiller,Fun!23
202,Andrew,Parks,7/1/1950,Employee,10153.16,0,false,andrewparks,Fun!23
203,Ethan,Holmes,6/21/1927,Employee,15070.51,0,false,ethanholmes,Fun!23
204,Mark,Lozano,7/17/1929,Employee,7118.05,0,false,marklozano,Fun!23
205,Molly,Cohen,10/24/1929,Employee,7101.45,0,false,mollycohen,Fun!23
206,Zachary,Ellison,7/4/1926,Employee,4100.13,0,false,zacharyellison,Fun!23
207,Donna,Allen,1/15/1988,Employee,6143.94,0,false,donnaallen,Fun!23
208,Amanda,Miller,3/8/1937,Employee,10854.1,0,false,amandamiller,Fun!23
209,Shirley,Foster,1/10/1958,Employee,6683,0,true,shirleyfoster,Fun!23
210,Jeffrey,Delgado,9/8/1980,Employee,8025.75,0,false,jeffreydelgado,Fun!23
211,Brian,Jensen,10/24/1914,Employee,18232.45,0,false,brianjensen,Fun!23
212,Sheila,Lewis,3/21/1935,Employee,4462.71,0,true,sheilalewis,Fun!23
213,Lee,Burke,8/24/1991,Employee,8220.46,0,false,leeburke,Fun!23
214,Susan,Alvarez,4/18/1955,Employee,11634.38,0,false,susanalvarez,Fun!23
215,Bridget,Wagner,1/9/1910,Employee,4791.66,0,false,bridgetwagner,Fun!23
216,Virginia,Phelps,3/10/1978,Employee,7670.51,0,true,virginiaphelps,Fun!23
217,Chase,Miller,11/27/1951,Employee,19134.55,0,true,chasemiller,Fun!23
218,Timothy,Romero,12/10/1912,Employee,8438.31,0,false,timothyromero,Fun!23
219,Cesar,Jones,6/23/1901,Employee,13794.52,0,false,cesarjones,Fun!23
220,Kathryn,Perez,7/21/1966,Employee,3089.76,0,false,kathrynperez,Fun!23
221,Lisa,Garrett,7/18/1913,Employee,10462.21,0,true,lisagarrett,Fun!23
222,Mark,Lee,8/6/1920,Employee,17978.06,0,true,marklee,Fun!23
223,Kelly,Yu,8/9/1965,Employee,10910.74,0,false,kellyyu,Fun!23
224,Christian,Smith,1/9/1928,Employee,17945.68,0,false,christiansmith,Fun!23
225,Robert,Park,9/10/1955,Employee,3536.78,0,false,robertpark,Fun!23
226,Ariana,Lara,4/7/1915,Employee,19559.03,0,true,arianalara,Fun!23
227,Roberto,Gutierrez,2/27/1907,Employee,14752.96,0,true,robertogutierrez,Fun!23
228,Maria,Mccarthy,2/23/1924,Employee,4671.94,0,true,mariamccarthy,Fun!23
229,Brittany,Ray,12/11/1951,Employee,12588.05,0,true,brittanyray,Fun!23
230,Shannon,Avery,1/30/1921,Employee,14891.93,0,false,shannonavery,Fun!23
231,Joanna,Trevino,3/31/1952,Employee,13190.4,0,true,joannatrevino,Fun!23
232,Paul,Fisher,4/28/1910,Employee,15395.4,0,true,paulfisher,Fun!23
233,Alexander,Kelly,4/1/1917,Employee,6431.18,0,false,alexanderkelly,Fun!23
234,Destiny,Ferguson,8/27/1995,Employee,4286,0,true,destinyferguson,Fun!23
235,Samantha,May,6/16/1917,Employee,10042.98,0,false,samanthamay,Fun!23
236,Joseph,Lewis,7/24/1947,Employee,19189.43,0,false,josephlewis,Fun!23
237,Andrew,Campos,2/15/1918,Employee,16435.8,0,true,andrewcampos,Fun!23
238,Jesse,Montgomery,2/7/1979,Employee,6595.54,0,true,jessemontgomery,Fun!23
239,Anna,Gutierrez,3/10/1905,Employee,16284.87,0,true,annagutierrez,Fun!23
240,Joel,Arellano,4/11/1980,Employee,12403.52,0,false,joelarellano,Fun!23
241,Kaylee,Patterson,7/15/1958,Employee,11168.98,0,true,kayleepatterson,Fun!23
242,James,Henderson,7/12/1986,Employee,17355.99,0,false,jameshenderson,Fun!23
243,Ashley,Jones,10/19/1992,Employee,8381.24,0,true,ashleyjones,Fun!23
244,Erik,Case,7/31/1977,Employee,18099.92,0,false,erikcase,Fun!23
245,Dorothy,Cox,3/22/1949,Employee,6574.04,0,false,dorothycox,Fun!23
246,Jeffrey,Marquez,2/25/1954,Employee,12019.86,0,false,jeffreymarquez,Fun!23
247,David,Gross,12/2/1973,Employee,18906.98,0,true,davidgross,Fun!23
248,Christopher,Wright,10/1/1957,Employee,4386.33,0,false,christopherwright,Fun!23
249,Jessica,Moore,10/12/1939,Employee,6042.81,0,true,jessicamoore,Fun!23
250,Alejandra,Morris,4/15/1978,Employee,16095.26,0,true,alejandramorris,Fun!23
251,Darin,Porter,10/14/1946,Employee,18938.68,0,false,darinporter,Fun!23
252,Alexis,Ford,6/11/1900,Employee,8013.27,0,true,alexisford,Fun!23
253,Barbara,Robertson,3/22/1916,Employee,14327.41,0,false,barbararobertson,Fun!23
254,David,Wright,5/25/1983,Employee,11624.2,0,false,davidwright,Fun!23
255,Jessica,Martin,1/7/1974,Employee,11116.88,0,false,jessicamartin,Fun!23
256,Brooke,Padilla,7/31/2000,Employee,7309.38,0,true,brookepadilla,Fun!23
257,Susan,Humphrey,12/4/1979,Employee,12282.21,0,true,susanhumphrey,Fun!23
258,Robert,Wu,10/22/1915,Employee,17819.71,0,true,robertwu,Fun!23
259,Karen,Thomas,12/14/1923,Employee,4575.62,0,false,karenthomas,Fun!23
260,Chris,Holden,4/23/1959,Employee,12795.3,0,false,chrisholden,Fun!23
261,Matthew,Erickson,5/3/1979,Employee,3053.01,0,false,matthewerickson,Fun!23
262,Leroy,Walters,6/15/1929,Employee,14672.75,0,false,leroywalters,Fun!23
263,Brian,Castillo,2/19/2000,Employee,15648.41,0,false,briancastillo,Fun!23
264,James,Romero,7/8/1927,Employee,13243.71,0,false,jamesromero,Fun!23
265,Karen,Zhang,9/30/1952,Employee,11342.05,0,true,karenzhang,Fun!23
266,David,Thomas,1/28/1956,Employee,16790.3,0,true,davidthomas,Fun!23
267,William,Hunter,5/6/1993,Employee,15548.32,0,false,williamhunter,Fun!23
268,Craig,Schaefer,3/9/1978,Employee,7983.98,0,true,craigschaefer,Fun!23
269,Michelle,Jones,2/3/1964,Employee,3001.19,0,false,michellejones,Fun!23
270,Angelica,Bruce,5/3/1948,Employee,15167.57,0,true,angelicabruce,Fun!23
271,Susan,Allen,4/13/1904,Employee,8520.53,0,true,susanallen,Fun!23
272,Tanya,Davis,5/23/1916,Employee,4986.98,0,true,tanyadavis,Fun!23
273,Mark,Richards,2/9/1986,Employee,13106.3,0,false,markrichards,Fun!23
274,Shannon,Bennett,3/16/1984,Employee,10261.36,0,false,shannonbennett,Fun!23
275,Robert,Davis,7/8/1938,Employee,14468.26,0,true,robertdavis,Fun!23
276,Allison,Chang,7/15/1984,Employee,19110.94,0,false,allisonchang,Fun!23
277,Michael,Williams,11/23/1999,Employee,14773.26,0,false,michaelwilliams,Fun!23
278,Susan,Garcia,12/6/1976,Employee,3456.21,0,true,susangarcia,Fun!23
279,Mario,Walker,1/27/1946,Employee,15395.58,0,true,mariowalker,Fun!23
280,Mary,Church,6/20/1902,Employee,3562.64,0,true,marychurch,Fun!23
281,Gregory,Sullivan,10/29/1960,Employee,8976.6,0,false,gregorysullivan,Fun!23
282,Lauren,Hall,4/29/1925,Employee,13544.99,0,false,laurenhall,Fun!23
283,Dawn,King,2/22/1978,Employee,5557.91,0,true,dawnking,Fun!23
284,Daniel,Romero,8/27/1903,Employee,13063.03,0,true,danielromero,Fun!23
285,Jacqueline,Dunn,3/18/1926,Employee,7049.34,0,false,jacquelinedunn,Fun!23
286,Chris,King,4/25/1963,Employee,5412.98,0,true,chrisking,Fun!23
287,Tammy,Martinez,4/21/1940,Employee,3811.38,0,true,tammymartinez,Fun!23
288,Dustin,Oliver,7/13/1901,Employee,15722.07,0,true,dustinoliver,Fun!23
289,Nicole,Harvey,11/17/1932,Employee,6097.36,0,false,nicoleharvey,Fun!23
290,Matthew,Perez,5/14/1928,Employee,6846.62,0,false,matthewperez,Fun!23
291,Kristy,Hoover,7/16/1979,Employee,17157.92,0,true,kristyhoover,Fun!23
292,Mary,Cruz,10/5/1950,Employee,12502.83,0,false,marycruz,Fun!23
293,Alexandra,Robinson,9/3/1992,Employee,14681.27,0,true,alexandrarobinson,Fun!23
294,Tami,Alexander,9/29/1952,Employee,9279.57,0,true,tamialexander,Fun!23
295,Susan,Davis,1/24/1946,Employee,10659.89,0,false,susandavis,Fun!23
296,Jeffrey,Luna,3/25/1975,Employee,12790.07,0,false,jeffreyluna,Fun!23
297,Adam,Maldonado,1/17/1957,Employee,18042.23,0,false,adammaldonado,Fun!23
298,Maria,Mitchell,10/26/1905,Employee,8710.94,0,false,mariamitchell,Fun!23
299,Stephen,Villegas,5/8/1921,Employee,5999.49,0,true,stephenvillegas,Fun!23
300,Ryan,Mcconnell,7/9/1961,Employee,19495.65,0,false,ryanmcconnell,Fun!23
301,Theresa,Macias,8/2/1903,Employee,16484.76,0,true,theresamacias,Fun!23
302,Lance,Dominguez,6/10/1955,Employee,8884.95,0,false,lancedominguez,Fun!23
303,Bradley,Rodriguez,6/13/1950,Employee,3834.81,0,false,bradleyrodriguez,Fun!23
304,Gloria,Page,8/7/1933,Employee,7013.39,0,false,gloriapage,Fun!23
305,Jasmine,Ramirez,3/20/1929,Employee,18189.59,0,false,jasmineramirez,Fun!23
306,David,Mills,11/28/1939,Employee,8346.69,0,true,davidmills,Fun!23
307,Elizabeth,Kim,10/16/1987,Employee,9846.91,0,true,elizabethkim,Fun!23
308,Laura,Smith,11/15/1995,Employee,19593.87,0,true,laurasmith,Fun!23
309,Amy,Bradley,11/2/1967,Employee,12154.21,0,false,amybradley,Fun!23
310,Denise,Morales,4/13/1908,Employee,12757.76,0,false,denisemorales,Fun!23
311,Marissa,Oconnell,10/3/1968,Employee,12607.78,0,false,marissaoconnell,Fun!23
312,Gregory,Maxwell,1/23/1918,Employee,12679.55,0,false,gregorymaxwell,Fun!23
313,Jenny,Henry,6/7/1926,Employee,3706.67,0,true,jennyhenry,Fun!23
314,Matthew,Campbell,12/6/1922,Employee,3352.41,0,true,matthewcampbell,Fun!23
315,Lisa,Gaines,2/7/1903,Employee,11412.65,0,true,lisagaines,Fun!23
316,Jonathan,Christian,4/5/1909,Employee,11998.67,0,true,jonathanchristian,Fun!23
317,Brenda,Douglas,4/2/1920,Employee,4559.07,0,true,brendadouglas,Fun!23
318,Rachel,Phillips,4/13/1933,Employee,7714.27,0,true,rachelphillips,Fun!23
319,Jade,Crawford,12/5/1975,Employee,11511.81,0,false,jadecrawford,Fun!23
320,Brian,Jacobson,4/28/1951,Employee,7626.13,0,true,brianjacobson,Fun!23
321,Francisco,Moore,10/24/1907,Employee,6446.77,0,true,franciscomoore,Fun!23
322,Kathleen,Small,9/17/1978,Employee,6959.13,0,true,kathleensmall,Fun!23
323,Lindsay,Webster,6/3/1976,Employee,6048.15,0,false,lindsaywebster,Fun!23
324,Michelle,Ortiz,9/7/1957,Employee,11541.57,0,true,michelleortiz,Fun!23
325,Cheryl,Wilson,5/17/1902,Employee,12055.61,0,false,cherylwilson,Fun!23
326,Melissa,Rivera,12/11/1998,Employee,17786.63,0,true,melissarivera,Fun!23
327,Bryan,Hardy,3/14/1938,Employee,12511.51,0,false,bryanhardy,Fun!23
328,Jason,Wolfe,3/21/1918,Employee,17083.12,0,true,jasonwolfe,Fun!23
329,Stacey,Paul,8/27/1944,Employee,12908.35,0,false,staceypaul,Fun!23
330,Crystal,Johnson,2/27/1996,Employee,3800.1,0,false,crystaljohnson,Fun!23
331,Jordan,Wilson,3/5/1933,Employee,7931.51,0,true,jordanwilson,Fun!23
332,Amanda,Shepherd,5/23/1907,Employee,9961.3,0,true,amandashepherd,Fun!23
333,Alexander,Cameron,5/30/1913,Employee,12883.54,0,true,alexandercameron,Fun!23
334,Kevin,Scott,6/12/1917,Employee,7882.61,0,false,kevinscott,Fun!23
335,Kyle,Taylor,9/1/1944,Employee,13036.33,0,false,kyletaylor,Fun!23
336,Kimberly,Garcia,5/28/1953,Employee,6030.46,0,true,kimberlygarcia,Fun!23
337,Chelsea,Porter,9/6/1943,Employee,10365.41,0,false,chelseaporter,Fun!23
338,Emma,Armstrong,6/19/1914,Employee,16945.97,0,false,emmaarmstrong,Fun!23
339,Courtney,Johnson,12/19/1948,Employee,7166.51,0,false,courtneyjohnson,Fun!23
340,Ronald,Kent,6/8/1913,Employee,15853.13,0,true,ronaldkent,Fun!23
341,Ricky,Thompson,10/14/1952,Employee,16465.75,0,false,rickythompson,Fun!23
342,Denise,Williams,3/17/1919,Employee,19237.31,0,false,denisewilliams,Fun!23
343,Jeffrey,Sloan,3/8/1910,Employee,14134.83,0,true,jeffreysloan,Fun!23
344,Brian,Hayes,8/1/1976,Employee,8442.08,0,false,brianhayes,Fun!23
345,Patricia,Glenn,5/23/1915,Employee,13714.79,0,false,patriciaglenn,Fun!23
346,Caroline,Torres,6/27/1970,Employee,16945.21,0,true,carolinetorres,Fun!23
347,Benjamin,Johnson,11/26/1933,Employee,10704.56,0,true,benjaminjohnson,Fun!23
348,Christina,Wheeler,9/4/1955,Employee,18751.81,0,false,christinawheeler,Fun!23
349,Valerie,Moore,5/2/1963,Employee,13214.07,0,true,valeriemoore,Fun!23
350,Deborah,Hunt,6/5/1911,Employee,5179.71,0,false,deborahhunt,Fun!23
351,Sarah,Mosley,9/5/1966,Employee,3538.8,0,true,sarahmosley,Fun!23
352,Donald,Haynes,10/30/1965,Employee,9710.99,0,true,donaldhaynes,Fun!23
353,Lisa,Brown,5/7/1913,Employee,17283.01,0,true,lisabrown,Fun!23
354,Kenneth,Smith,10/27/1978,Employee,3095.89,0,false,kennethsmith,Fun!23
355,Heidi,Barker,6/15/1905,Employee,13987.31,0,false,heidibarker,Fun!23
356,William,Wolf,1/12/2000,Employee,6269.47,0,false,williamwolf,Fun!23
357,Elizabeth,Cordova,6/9/1913,Employee,16708.28,0,true,elizabethcordova,Fun!23
358,Christopher,Jones,1/4/1970,Employee,7147.52,0,true,christopherjones,Fun!23
359,Robert,Wilson,5/25/1951,Employee,19647.25,0,false,robertwilson,Fun!23
360,Amber,Brown,9/17/1984,Employee,7094.87,0,false,amberbrown,Fun!23
361,Antonio,Brooks,5/15/1917,Employee,18059.77,0,true,antoniobrooks,Fun!23
362,Dakota,Bender,11/29/1921,Employee,5976.44,0,false,dakotabender,Fun!23
363,Kevin,Swanson,5/31/1924,Employee,12240.66,0,false,kevinswanson,Fun!23
364,Christopher,Dominguez,2/23/1994,Employee,6253.43,0,false,christopherdominguez,Fun!23
365,Peggy,Murphy,3/22/1963,Employee,12543.53,0,true,peggymurphy,Fun!23
366,Edward,Johnson,9/19/1978,Employee,11895.17,0,false,edwardjohnson,Fun!23
367,Misty,Horton,7/29/1974,Employee,13307.96,0,true,mistyhorton,Fun!23
368,Christopher,Foster,8/21/1990,Employee,3476.01,0,false,christopherfoster,Fun!23
369,Carrie,Bennett,7/14/1949,Employee,14803.93,0,false,carriebennett,Fun!23
370,Natasha,Wheeler,6/13/1949,Employee,7196.84,0,false,natashawheeler,Fun!23
371,Angel,Joseph,9/13/1948,Employee,11575.05,0,false,angeljoseph,Fun!23
372,Daniel,Foster,1/21/1931,Employee,4749.17,0,true,danielfoster,Fun!23
373,Rhonda,Kane,5/30/1939,Employee,11841,0,false,rhondakane,Fun!23
374,Jeffrey,Gonzalez,6/6/1943,Employee,17438.6,0,false,jeffreygonzalez,Fun!23
375,Jeremiah,Williamson,8/27/1908,Employee,11180.68,0,true,jeremiahwilliamson,Fun!23
376,Dean,Smith,12/19/1925,Employee,11807.01,0,false,deansmith,Fun!23
377,Lisa,Stafford,8/23/1974,Employee,14984.3,0,true,lisastafford,Fun!23
378,Travis,Ruiz,6/17/1910,Employee,3107.93,0,false,travisruiz,Fun!23
379,Mary,Stevens,3/18/1964,Employee,12895.57,0,true,marystevens,Fun!23
380,Shane,Arnold,3/1/1997,Employee,18388.4,0,true,shanearnold,Fun!23
381,Teresa,Jacobs,2/26/1918,Employee,7600.08,0,false,teresajacobs,Fun!23
382,Joshua,Meadows,8/5/1956,Employee,7496.37,0,false,joshuameadows,Fun!23
383,Thomas,Elliott,7/27/1980,Employee,18978.71,0,true,thomaselliott,Fun!23
384,Elizabeth,Alvarez,3/1/1991,Employee,17406.2,0,false,elizabethalvarez,Fun!23
385,Alicia,Jenkins,1/12/1992,Employee,7492.21,0,true,aliciajenkins,Fun!23
386,Jacob,Williams,10/17/1970,Employee,13620.54,0,false,jacobwilliams,Fun!23
387,Michele,Cummings,12/29/1956,Employee,13315.69,0,false,michelecummings,Fun!23
388,Craig,Oconnell,4/10/1911,Employee,12624.81,0,true,craigoconnell,Fun!23
389,Joseph,Brooks,10/19/1955,Employee,6155.97,0,true,josephbrooks,Fun!23
390,Anthony,Hardin,2/4/1971,Employee,15778.66,0,false,anthonyhardin,Fun!23
391,Norman,Freeman,11/17/1976,Employee,17084.16,0,false,normanfreeman,Fun!23
392,Devin,Diaz,12/18/1998,Employee,6193.63,0,false,devindiaz,Fun!23
393,Donna,Travis,7/16/1960,Employee,3631.88,0,false,donnatravis,Fun!23
394,Tanya,Kent,3/29/1930,Employee,16639.84,0,true,tanyakent,Fun!23
395,Keith,Ellis,2/6/1927,Employee,13224.89,0,true,keithellis,Fun!23
396,Anthony,Sims,11/30/1983,Employee,18237.66,0,true,anthonysims,Fun!23
397,Krystal,Thompson,4/30/1949,Employee,12538.06,0,true,krystalthompson,Fun!23
398,Benjamin,Ramirez,1/31/1959,Employee,13061.2,0,true,benjaminramirez,Fun!23
399,Scott,Rose,1/23/1938,Employee,9549.75,0,true,scottrose,Fun!23
400,Jessica,Fernandez,11/8/1951,Employee,5512.96,0,true,jessicafernandez,Fun!23
401,Michael,Castillo,5/26/1929,Employee,7751.13,0,false,michaelcastillo,Fun!23
402,Ruben,Edwards,7/23/1932,Employee,13733.89,0,true,rubenedwards,Fun!23
403,Ashley,Wilcox,8/26/1939,Employee,19038.68,0,true,ashleywilcox,Fun!23
404,Allison,Cross,1/1/1943,Employee,9349.46,0,false,allisoncross,Fun!23
405,Anita,Stein,3/15/1962,Employee,13296.69,0,false,anitastein,Fun!23
406,Sean,Hull,10/14/1901,Employee,9041.12,0,true,seanhull,Fun!23
407,Ricardo,Rodriguez,2/25/1922,Employee,15579.3,0,true,ricardorodriguez,Fun!23
408,David,Soto,9/9/1977,Employee,15251.54,0,true,davidsoto,Fun!23
409,Kayla,Mahoney,12/11/1907,Employee,10521.84,0,false,kaylamahoney,Fun!23
410,Ray,Huynh,7/4/1950,Employee,5113.28,0,true,rayhuynh,Fun!23
411,Terri,Mendez,4/1/1969,Employee,9785.7,0,false,terrimendez,Fun!23
412,Rachel,Roberson,7/31/1952,Employee,10778.84,0,true,rachelroberson,Fun!23
413,Zachary,Tran,9/2/1911,Employee,3327.04,0,true,zacharytran,Fun!23
414,John,White,3/3/1911,Employee,13522.57,0,true,johnwhite,Fun!23
415,Philip,Collins,8/14/1945,Employee,12170.1,0,true,philipcollins,Fun!23
416,Hunter,Moore,9/15/1925,Employee,3389.53,0,false,huntermoore,Fun!23
417,Nicole,Johnson,7/20/1972,Employee,7271.39,0,true,nicolejohnson,Fun!23
418,Adam,Bass,9/9/1927,Employee,6781.11,0,true,adambass,Fun!23
419,Lisa,Spencer,10/29/1941,Employee,11048.44,0,false,lisaspencer,Fun!23
420,Justin,Martinez,2/15/1986,Employee,18221.15,0,false,justinmartinez,Fun!23
421,Anthony,Hunter,5/4/1979,Employee,8035.67,0,false,anthonyhunter,Fun!23
422,Doris,Moore,1/3/1992,Employee,8564.91,0,true,dorismoore,Fun!23
423,Elizabeth,Cruz,8/10/1934,Employee,19071.99,0,false,elizabethcruz,Fun!23
424,Randy,Keller,7/30/1932,Employee,3448.41,0,true,randykeller,Fun!23
425,Brandon,Neal,6/18/1938,Employee,5360.5,0,false,brandonneal,Fun!23
426,Mark,Lamb,5/15/1907,Employee,9449.49,0,false,marklamb,Fun!23
427,Tiffany,May,3/30/1928,Employee,11416.68,0,false,tiffanymay,Fun!23
428,Krista,Blake,11/25/1939,Employee,6560.39,0,false,kristablake,Fun!23
429,John,Morris,1/21/1955,Employee,3308.62,0,false,johnmorris,Fun!23
430,Jill,Solis,5/3/1911,Employee,14975.79,0,true,jillsolis,Fun!23
431,Emma,Padilla,3/5/1937,Employee,3425.6,0,true,emmapadilla,Fun!23
432,Becky,Gray,10/13/1955,Employee,7229.5,0,false,beckygray,Fun!23
433,Rita,Owens,6/25/1953,Employee,13180.03,0,true,ritaowens,Fun!23
434,Kristina,Patrick,11/25/1980,Employee,13162.74,0,true,kristinapatrick,Fun!23
435,Raymond,Woodward,9/6/1900,Employee,10097.2,0,false,raymondwoodward,Fun!23
436,Rebecca,Brown,3/6/1988,Employee,7520.98,0,false,rebeccabrown,Fun!23
437,Samantha,Thomas,9/26/1971,Employee,12108.36,0,true,samanthathomas,Fun!23
438,Patrick,Larsen,4/4/1997,Employee,18071.93,0,true,patricklarsen,Fun!23
439,Emily,Brady,12/26/1942,Employee,10589.2,0,true,emilybrady,Fun!23
440,April,Turner,9/13/1929,Employee,17589.3,0,true,aprilturner,Fun!23
441,Steven,Cabrera,1/25/1987,Employee,15748.24,0,false,stevencabrera,Fun!23
442,Michael,Murray,5/30/1996,Employee,6271.19,0,true,michaelmurray,Fun!23
443,Gregory,Carr,5/24/1976,Employee,16110.31,0,true,gregorycarr,Fun!23
444,David,Davila,5/7/1996,Employee,6534.26,0,true,daviddavila,Fun!23
445,Brandon,Smith,1/17/1907,Employee,6264.9,0,false,brandonsmith,Fun!23
446,Ryan,Wilkins,7/6/1971,Employee,12904.07,0,true,ryanwilkins,Fun!23
447,Jon,Lopez,3/11/1966,Employee,18296.81,0,true,jonlopez,Fun!23
448,Jennifer,Copeland,9/27/1937,Employee,13339.19,0,true,jennifercopeland,Fun!23
449,Alexis,Shea,8/22/1957,Employee,7480.57,0,true,alexisshea,Fun!23
450,Gerald,Baker,3/11/1946,Employee,12283.72,0,false,geraldbaker,Fun!23
451,Tara,Rodriguez,6/10/1938,Employee,19128.74,0,true,tararodriguez,Fun!23
452,Jerry,Hampton,12/24/1903,Employee,6244.22,0,false,jerryhampton,Fun!23
453,Ray,Booth,5/9/1951,Employee,7406.72,0,false,raybooth,Fun!23
454,Michelle,Sexton,7/11/1907,Employee,7014.1,0,true,michellesexton,Fun!23
455,Kayla,Morgan,4/2/1996,Employee,6660.12,0,false,kaylamorgan,Fun!23
456,Deborah,Scott,1/19/1998,Employee,6470.68,0,true,deborahscott,Fun!23
457,Trevor,Young,8/23/1968,Employee,6445.23,0,false,trevoryoung,Fun!23
458,Philip,Chaney,2/22/1938,Employee,6528.69,0,true,philipchaney,Fun!23
459,Linda,Alexander,8/24/1950,Employee,4718.04,0,true,lindaalexander,Fun!23
460,Jason,Skinner,11/30/1975,Employee,7611.28,0,false,jasonskinner,Fun!23
461,Anthony,Dalton,4/8/1911,Employee,19935.23,0,false,anthonydalton,Fun!23
462,Kevin,Larson,1/9/1904,Employee,5407.97,0,true,kevinlarson,Fun!23
463,Alexandra,Fox,2/14/1922,Employee,7965.2,0,false,alexandrafox,Fun!23
464,Gary,Miller,8/14/1913,Employee,18597.88,0,true,garymiller,Fun!23
465,Crystal,Rice,9/28/1901,Employee,15145.08,0,false,crystalrice,Fun!23
466,George,Wood,4/9/1983,Employee,18771.3,0,false,georgewood,Fun!23
467,Christopher,Raymond,10/25/1962,Employee,11076.53,0,true,christopherraymond,Fun!23
468,Wendy,Stanton,11/26/1907,Employee,18311.14,0,true,wendystanton,Fun!23
469,Theresa,Hardy,12/27/1914,Employee,6865,0,true,theresahardy,Fun!23
470,Barbara,Jones,5/8/1902,Employee,16306.38,0,false,barbarajones,Fun!23
471,Alyssa,Reese,3/14/1920,Employee,19344.63,0,false,alyssareese,Fun!23
472,Eric,Ramos,2/25/1975,Employee,8988.85,0,true,ericramos,Fun!23
473,Brian,Lopez,8/18/1929,Employee,10661.19,0,false,brianlopez,Fun!23
474,Angela,Mcintyre,10/20/1991,Employee,16665.22,0,false,angelamcintyre,Fun!23
475,Doris,Mercado,11/13/1969,Employee,18127.56,0,false,dorismercado,Fun!23
476,Terri,Strickland,4/9/1926,Employee,18030.37,0,false,terristrickland,Fun!23
477,Amy,Rodriguez,9/9/1978,Employee,6731.82,0,false,amyrodriguez,Fun!23
478,Thomas,Bonilla,12/17/1947,Employee,3248.83,0,false,thomasbonilla,Fun!23
479,Wesley,Lambert,10/25/1958,Employee,8450.35,0,false,wesleylambert,Fun!23
480,Kelly,Bell,11/25/1969,Employee,7606.56,0,false,kellybell,Fun!23
481,Michelle,Wood,12/9/1930,Employee,4134.68,0,false,michellewood,Fun!23
482,Derek,Irwin,3/26/1942,Employee,11897.9,0,false,derekirwin,Fun!23
483,Brandi,Gordon,7/8/1916,Employee,5673.99,0,false,brandigordon,Fun!23
484,Julian,Gutierrez,8/26/1954,Employee,6745.71,0,true,juliangutierrez,Fun!23
485,Samantha,Cooper,8/29/1938,Employee,10035.06,0,true,samanthacooper,Fun!23
486,Kevin,Gould,7/1/1922,Employee,19195.19,0,true,kevingould,Fun!23
487,Michael,Fox,10/21/1948,Employee,6304.51,0,true,michaelfox,Fun!23
488,Steven,Owens,6/22/1957,Employee,9525.77,0,false,stevenowens,Fun!23
489,Amber,Sellers,1/9/1946,Employee,6865.54,0,true,ambersellers,Fun!23
490,Jose,Evans,12/2/1960,Employee,18805.89,0,false,joseevans,Fun!23
491,Jessica,Anderson,3/16/1924,Employee,18060.28,0,true,jessicaanderson,Fun!23
492,Joe,Cochran,4/30/1928,Employee,13299.88,0,true,joecochran,Fun!23
493,Michael,Robinson,3/3/1918,Employee,9496.28,0,false,michaelrobinson,Fun!23
494,Matthew,Porter,1/13/2000,Employee,6875.4,0,true,matthewporter,Fun!23
495,Angel,Barber,3/2/1987,Employee,9215.41,0,false,angelbarber,Fun!23
496,Darlene,Shaw,5/18/1918,Employee,5807.5,0,true,darleneshaw,Fun!23
497,Gabriel,Hansen,5/30/1981,Employee,14985.26,0,true,gabrielhansen,Fun!23
498,Brittany,Nielsen,5/31/1994,Employee,13504.07,0,false,brittanynielsen,Fun!23
499,Jessica,Frye,10/2/1917,Employee,7254.82,0,true,jessicafrye,Fun!23
500,Bruce,Clark,5/29/1944,Employee,15760.43,0,false,bruceclark,Fun!23
501,Justin,Davis,4/26/1933,Employee,13664.62,0,true,justindavis,Fun!23
502,Louis,Boone,1/11/1924,Employee,16476.51,0,false,louisboone,Fun!23
503,Amy,Mcpherson,7/27/1908,Employee,17769.83,0,true,amymcpherson,Fun!23
504,Debra,Blackwell,8/24/1918,Employee,11130.51,0,true,debrablackwell,Fun!23
505,Angela,Lang,12/20/1975,Employee,15024.12,0,false,angelalang,Fun!23
506,Danielle,Dorsey,2/9/1903,Employee,7824.51,0,false,danielledorsey,Fun!23
507,Hannah,Maldonado,6/4/1926,Employee,10933.75,0,false,hannahmaldonado,Fun!23
508,Michaela,Miranda,12/16/1960,Employee,18592.24,0,false,michaelamiranda,Fun!23
509,Tami,Weaver,3/13/1999,Employee,8028.85,0,false,tamiweaver,Fun!23
510,Edward,Jackson,1/11/1934,Employee,4738.17,0,false,edwardjackson,Fun!23
511,Steven,Hernandez,11/24/1904,Employee,10739.82,0,true,stevenhernandez,Fun!23
512,Mary,Chapman,4/15/1974,Employee,14574,0,false,marychapman,Fun!23
513,Colleen,Torres,6/18/1941,Employee,17670.66,0,false,colleentorres,Fun!23
514,Jennifer,Mills,3/21/1938,Employee,7336.1,0,true,jennifermills,Fun!23
515,Wendy,Campos,6/20/1986,Employee,10128.5,0,false,wendycampos,Fun!23
516,Bobby,Bennett,11/9/1912,Employee,5609.32,0,true,bobbybennett,Fun!23
517,Michael,Adams,8/4/1993,Employee,19784.08,0,false,michaeladams,Fun!23
518,Jamie,Conner,4/10/1903,Employee,12594.23,0,false,jamieconner,Fun!23
519,Christopher,Sanford,3/1/1968,Employee,7741.61,0,false,christophersanford,Fun!23
520,Margaret,Smith,12/1/1931,Employee,19463.16,0,true,margaretsmith,Fun!23
521,Michael,Morton,7/18/1932,Employee,7790.48,0,false,michaelmorton,Fun!23
522,Noah,Horne,12/7/1963,Employee,12481.45,0,false,noahhorne,Fun!23
523,Kim,Contreras,1/30/1996,Employee,5892.45,0,true,kimcontreras,Fun!23
524,Tiffany,Davis,2/27/1939,Employee,16524.06,0,true,tiffanydavis,Fun!23
525,Victoria,Moses,1/4/1958,Employee,6050.75,0,false,victoriamoses,Fun!23
526,Robin,Watson,9/18/1919,Employee,19651.75,0,false,robinwatson,Fun!23
527,Christopher,Melendez,9/20/1999,Employee,13970.57,0,true,christophermelendez,Fun!23
528,Nancy,Robles,6/17/1914,Employee,18684.65,0,true,nancyrobles,Fun!23
529,Kaylee,Hale,12/17/1937,Employee,9762.39,0,false,kayleehale,Fun!23
530,Ryan,Brown,2/22/1908,Employee,16173.7,0,false,ryanbrown,Fun!23
531,Grace,Kelley,7/24/1980,Employee,8357.88,0,true,gracekelley,Fun!23
532,Alexander,Carter,7/26/1927,Employee,17867.44,0,false,alexandercarter,Fun!23
533,Dennis,Reynolds,11/12/1978,Employee,7435.02,0,false,dennisreynolds,Fun!23
534,Jenna,Chase,8/8/1964,Employee,17744.64,0,false,jennachase,Fun!23
535,Michelle,Pruitt,3/13/1942,Employee,7684.38,0,false,michellepruitt,Fun!23
536,Sherri,Velasquez,5/22/1921,Employee,17015.37,0,false,sherrivelasquez,Fun!23
537,Darlene,Russell,1/25/1973,Employee,14811.98,0,true,darlenerussell,Fun!23
538,Jessica,Olsen,10/8/1970,Employee,18991.24,0,true,jessicaolsen,Fun!23
539,Lisa,Robinson,7/8/1979,Employee,18019,0,true,lisarobinson,Fun!23
540,Michael,Martinez,3/9/1929,Employee,5382.07,0,true,michaelmartinez,Fun!23
541,Richard,Edwards,1/15/1931,Employee,4416.25,0,false,richardedwards,Fun!23
542,Amy,Chase,10/13/1946,Employee,7269.46,0,false,amychase,Fun!23
543,Amanda,Vang,6/4/1983,Employee,19079.73,0,true,amandavang,Fun!23
544,Angela,Walker,7/7/1914,Employee,4533.97,0,true,angelawalker,Fun!23
545,Kylie,Summers,11/1/1937,Employee,18613.39,0,true,kyliesummers,Fun!23
546,Brandy,Valenzuela,8/29/1920,Employee,15573.7,0,false,brandyvalenzuela,Fun!23
547,Courtney,Tran,3/22/1960,Employee,12778.25,0,false,courtneytran,Fun!23
548,Ryan,Bowman,8/21/1925,Employee,7944.35,0,false,ryanbowman,Fun!23
549,Kathleen,Hines,7/6/1917,Employee,14099.59,0,true,kathleenhines,Fun!23
550,Ryan,Sullivan,9/2/1965,Employee,11316.29,0,false,ryansullivan,Fun!23
551,Kimberly,Johnson,6/13/1936,Employee,17049.03,0,true,kimberlyjohnson,Fun!23
552,Kelly,Harris,3/4/1953,Employee,6277.98,0,true,kellyharris,Fun!23
553,William,Evans,1/22/1907,Employee,13208.71,0,false,williamevans,Fun!23
554,Dakota,Harper,10/10/1935,Employee,11077.5,0,false,dakotaharper,Fun!23
555,Martha,Perry,12/15/1957,Employee,4252.17,0,true,marthaperry,Fun!23
556,Brittany,Weaver,8/3/1984,Employee,12457.01,0,true,brittanyweaver,Fun!23
557,Rodney,Berg,3/16/1975,Employee,6478.32,0,true,rodneyberg,Fun!23
558,Heidi,Page,12/5/1957,Employee,8794.8,0,true,heidipage,Fun!23
559,Bobby,Gonzales,2/8/1987,Employee,16269.43,0,false,bobbygonzales,Fun!23
560,Jake,Mitchell,11/28/1913,Employee,15949.46,0,true,jakemitchell,Fun!23
561,Gerald,Beltran,8/13/1985,Employee,14606.59,0,false,geraldbeltran,Fun!23
562,Joel,Welch,10/4/1988,Employee,5059.22,0,false,joelwelch,Fun!23
563,Diana,Matthews,5/27/2000,Employee,8089.2,0,true,dianamatthews,Fun!23
564,Christopher,Johnson,9/22/1923,Employee,11779.03,0,true,christopherjohnson,Fun!23
565,Ricky,Gardner,4/10/1986,Employee,8507.4,0,false,rickygardner,Fun!23
566,Corey,Wilson,5/3/1993,Employee,19746.04,0,false,coreywilson,Fun!23
567,Barbara,Lane,10/6/1948,Employee,15672.52,0,true,barbaralane,Fun!23
568,Dylan,Lopez,12/11/1996,Employee,19386.76,0,false,dylanlopez,Fun!23
569,Martin,Edwards,9/7/1935,Employee,10633.43,0,false,martinedwards,Fun!23
570,Misty,Jimenez,3/10/1922,Employee,9044.22,0,true,mistyjimenez,Fun!23
571,Chris,Jones,2/22/1945,Employee,4830.23,0,true,chrisjones,Fun!23
572,Robert,Leblanc,10/14/1976,Employee,9212.75,0,false,robertleblanc,Fun!23
573,Brandon,Dillon,4/30/1995,Employee,17321.03,0,false,brandondillon,Fun!23
574,Chad,Clark,11/3/1911,Employee,5164.73,0,false,chadclark,Fun!23
575,Danielle,Gardner,7/18/1948,Employee,8097.32,0,true,daniellegardner,Fun!23
576,Bradley,Bell,4/2/1962,Employee,8787.44,0,false,bradleybell,Fun!23
577,Christopher,Craig,3/31/1966,Employee,6806.38,0,false,christophercraig,Fun!23
578,Jamie,Hernandez,11/21/1971,Employee,3481.46,0,false,jamiehernandez,Fun!23
579,David,Costa,5/17/1977,Employee,13081.4,0,true,davidcosta,Fun!23
580,Theresa,Clark,1/23/1994,Employee,7673.99,0,false,theresaclark,Fun!23
581,Cassandra,Cook,6/22/1940,Employee,12618.3,0,false,cassandracook,Fun!23
582,Dana,Jones,6/4/1969,Employee,13526.49,0,true,danajones,Fun!23
583,Phillip,Brown,9/13/1901,Employee,3502.18,0,false,phillipbrown,Fun!23
584,Andrew,Torres,10/13/1929,Employee,15140.36,0,false,andrewtorres,Fun!23
585,Sheri,Adams,4/4/1917,Employee,11176.72,0,true,sheriadams,Fun!23
586,Heather,Little,5/22/1986,Employee,16988.94,0,false,heatherlittle,Fun!23
587,James,Morgan,3/31/1941,Employee,15849.62,0,false,jamesmorgan,Fun!23
588,Cynthia,Powell,10/9/1961,Employee,10908.28,0,false,cynthiapowell,Fun!23
589,Joseph,Macdonald,2/5/1931,Employee,16976.64,0,false,josephmacdonald,Fun!23
590,Jeff,Ray,3/13/1906,Employee,10508.11,0,true,jeffray,Fun!23
591,Michelle,Ramirez,5/25/1990,Employee,7841.82,0,true,michelleramirez,Fun!23
592,Christina,Jones,11/20/1963,Employee,4446.95,0,false,christinajones,Fun!23
593,Alyssa,Smith,7/4/1979,Employee,19884.22,0,true,alyssasmith,Fun!23
594,Anthony,Brooks,11/28/1926,Employee,14123.17,0,false,anthonybrooks,Fun!23
595,Anthony,Barber,9/15/1969,Employee,11858.46,0,true,anthonybarber,Fun!23
596,James,Brennan,4/10/1978,Employee,17921.26,0,false,jamesbrennan,Fun!23
597,Heather,Robbins,4/21/1902,Employee,9800.08,0,true,heatherrobbins,Fun!23
598,Sarah,Anderson,10/24/1903,Employee,6274.28,0,true,sarahanderson,Fun!23
599,Darin,Baker,4/12/1973,Employee,12233.99,0,false,darinbaker,Fun!23
600,Jennifer,Smith,3/9/1938,Employee,13355.31,0,false,jennifersmith,Fun!23
601,David,Harvey,11/20/1966,Employee,15224.59,0,false,davidharvey,Fun!23
602,Shannon,White,4/24/1930,Employee,18722.17,0,true,shannonwhite,Fun!23
603,Brian,Gates,5/31/1918,Employee,13534.46,0,false,briangates,Fun!23
604,Victor,Ross,2/16/1915,Employee,13247.36,0,true,victorross,Fun!23
605,Antonio,Edwards,12/22/1935,Employee,4823.56,0,true,antonioedwards,Fun!23
606,Lawrence,Price,4/27/1938,Employee,13593.93,0,true,lawrenceprice,Fun!23
607,Sarah,Cline,7/25/1982,Employee,12330.14,0,true,sarahcline,Fun!23
608,Linda,Robles,10/8/1942,Employee,19177.26,0,false,lindarobles,Fun!23
609,Amber,Nguyen,12/3/1910,Employee,7219.79,0,false,ambernguyen,Fun!23
610,Rick,Parrish,11/11/1995,Employee,6060.97,0,true,rickparrish,Fun!23
611,Edward,Molina,11/26/1970,Employee,13954.55,0,false,edwardmolina,Fun!23
612,Darren,Gibbs,6/8/1915,Employee,13698.81,0,false,darrengibbs,Fun!23
613,Andrew,Mcclure,7/8/1972,Employee,12896.49,0,true,andrewmcclure,Fun!23
614,Michael,King,5/25/1929,Employee,13245.57,0,false,michaelking,Fun!23
615,Vanessa,Watson,10/2/1991,Employee,7991.21,0,false,vanessawatson,Fun!23
616,Jerry,Smith,10/2/1959,Employee,6008.4,0,true,jerrysmith,Fun!23
617,Andrew,Marshall,8/2/1978,Employee,4524.55,0,false,andrewmarshall,Fun!23
618,Janet,Hughes,2/8/1990,Employee,14574.01,0,true,janethughes,Fun!23
619,Tyler,Baxter,2/8/1909,Employee,19684.94,0,false,tylerbaxter,Fun!23
620,Amber,Long,9/12/1990,Employee,9193.84,0,false,amberlong,Fun!23
621,Jared,Perry,5/26/1950,Employee,16039.48,0,false,jaredperry,Fun!23
622,Natalie,Richardson,2/21/1928,Employee,18629.19,0,true,natalierichardson,Fun!23
623,Erika,Lopez,4/2/1916,Employee,19342,0,false,erikalopez,Fun!23
624,Michelle,Walsh,9/8/1975,Employee,17576.5,0,false,michellewalsh,Fun!23
625,Anthony,Carson,3/23/1920,Employee,14630.49,0,false,anthonycarson,Fun!23
626,Heather,Cunningham,5/16/1975,Employee,15794.78,0,false,heathercunningham,Fun!23
627,Ronald,Bond,8/14/1989,Employee,12263.67,0,false,ronaldbond,Fun!23
628,Sherri,Armstrong,5/22/1999,Employee,12221.73,0,false,sherriarmstrong,Fun!23
629,Jacob,Contreras,10/20/1959,Employee,7125.11,0,true,jacobcontreras,Fun!23
630,Colleen,Sanchez,9/18/1977,Employee,17680.64,0,true,colleensanchez,Fun!23
631,Derek,Lopez,1/16/1911,Employee,4014.28,0,false,dereklopez,Fun!23
632,Kayla,Smith,8/23/1944,Employee,10043.13,0,true,kaylasmith,Fun!23
633,Christopher,Osborne,10/25/1982,Employee,12546.43,0,false,christopherosborne,Fun!23
634,Mercedes,Nichols,5/1/1984,Employee,13704.4,0,true,mercedesnichols,Fun!23
635,Beth,Sharp,4/12/1968,Employee,11936.15,0,false,bethsharp,Fun!23
636,Scott,Bailey,3/18/1909,Employee,6078.79,0,true,scottbailey,Fun!23
637,Crystal,Young,4/4/1977,Employee,4355.9,0,false,crystalyoung,Fun!23
638,Allen,Arnold,8/12/1951,Employee,19878.34,0,true,allenarnold,Fun!23
639,Donald,Tran,7/20/1982,Employee,15783.83,0,true,donaldtran,Fun!23
640,Christopher,Fields,3/14/1961,Employee,9363.69,0,true,christopherfields,Fun!23
641,Luis,Johnson,4/3/1982,Employee,10448.84,0,true,luisjohnson,Fun!23
642,Krista,Lambert,7/30/1997,Employee,17515.91,0,false,kristalambert,Fun!23
643,Nicholas,Copeland,11/1/1941,Employee,14289.72,0,true,nicholascopeland,Fun!23
644,Mark,Rogers,6/16/2000,Employee,19818.88,0,false,markrogers,Fun!23
645,Jessica,Ramirez,12/25/1980,Employee,6379.38,0,true,jessicaramirez,Fun!23
646,Matthew,Gonzalez,11/18/1960,Employee,12394.02,0,false,matthewgonzalez,Fun!23
647,Rose,Burgess,8/23/1992,Employee,4204.77,0,true,roseburgess,Fun!23
648,Holly,Schneider,12/15/1964,Employee,13893.31,0,true,hollyschneider,Fun!23
649,Joanna,Knight,1/31/1970,Employee,9297.2,0,false,joannaknight,Fun!23
650,David,Cox,6/12/1999,Employee,9999.27,0,false,davidcox,Fun!23
651,Elizabeth,Reyes,2/5/1922,Employee,8355.66,0,true,elizabethreyes,Fun!23
652,Melissa,Mcdonald,9/15/1965,Employee,18135.08,0,false,melissamcdonald,Fun!23
653,James,Anderson,12/30/1912,Employee,19928.05,0,false,jamesanderson,Fun!23
654,Loretta,Phillips,6/19/1938,Employee,12974.49,0,false,lorettaphillips,Fun!23
655,Gina,Swanson,7/22/1933,Employee,17001.28,0,true,ginaswanson,Fun!23
656,Kimberly,Martinez,3/28/1991,Employee,10279.62,0,true,kimberlymartinez,Fun!23
657,Stephanie,Kirby,4/24/1990,Employee,4997.72,0,false,stephaniekirby,Fun!23
658,Teresa,Gardner,6/14/1929,Employee,9430.4,0,true,teresagardner,Fun!23
659,Brandon,Flores,5/16/1941,Employee,3984.01,0,true,brandonflores,Fun!23
660,Anthony,Moore,4/3/1977,Employee,14969.99,0,true,anthonymoore,Fun!23
661,Steven,Hartman,3/28/1912,Employee,13046.57,0,true,stevenhartman,Fun!23
662,Derek,Macias,4/23/1910,Employee,7573.49,0,true,derekmacias,Fun!23
663,Christopher,Robinson,5/29/1971,Employee,12397.86,0,false,christopherrobinson,Fun!23
664,Scott,Dunn,11/13/1997,Employee,3805.05,0,false,scottdunn,Fun!23
665,Lawrence,Henry,9/28/1938,Employee,14361.62,0,true,lawrencehenry,Fun!23
666,Gabriel,Sanders,6/18/1994,Employee,9666.64,0,false,gabrielsanders,Fun!23
667,Lori,Hall,4/23/1930,Employee,14637.85,0,false,lorihall,Fun!23
668,Brittany,Richard,8/1/1933,Employee,18360.45,0,true,brittanyrichard,Fun!23
669,Sarah,Jones,6/28/1906,Employee,10551.31,0,true,sarahjones,Fun!23
670,Nicholas,Jackson,12/9/1983,Employee,16465.15,0,true,nicholasjackson,Fun!23
671,Julia,Jones,5/10/1984,Employee,18631.08,0,true,juliajones,Fun!23
672,Jennifer,Schultz,8/29/1924,Employee,10798.35,0,false,jenniferschultz,Fun!23
673,Ashley,Walker,7/26/1972,Employee,7599.1,0,true,ashleywalker,Fun!23
674,Michael,Parrish,2/27/1918,Employee,14804.07,0,false,michaelparrish,Fun!23
675,Alyssa,Poole,9/12/1964,Employee,17302.1,0,true,alyssapoole,Fun!23
676,William,Ortiz,9/3/1975,Employee,19640.62,0,true,williamortiz,Fun!23
677,Jason,Clark,7/17/1978,Employee,10141.27,0,true,jasonclark,Fun!23
678,Jason,Lee,6/12/1983,Employee,8435.57,0,true,jasonlee,Fun!23
679,Lisa,Miller,7/17/1981,Employee,18823.16,0,true,lisamiller,Fun!23
680,Tyrone,Johnston,8/2/1911,Employee,4215.14,0,true,tyronejohnston,Fun!23
681,Linda,Rodriguez,5/31/1961,Employee,14455.47,0,true,lindarodriguez,Fun!23
682,Kenneth,Davis,10/22/1970,Employee,4826.77,0,false,kennethdavis,Fun!23
683,Sarah,Griffin,4/4/1974,Employee,10285.82,0,true,sarahgriffin,Fun!23
684,Rebecca,Nguyen,10/18/1956,Employee,4662.09,0,true,rebeccanguyen,Fun!23
685,Anna,Davis,7/2/1978,Employee,16894.69,0,true,annadavis,Fun!23
686,Cynthia,Giles,4/9/1958,Employee,11579.41,0,false,cynthiagiles,Fun!23
687,Mary,Gonzalez,5/7/1926,Employee,11712.93,0,true,marygonzalez,Fun!23
688,Ann,Miller,5/27/1996,Employee,9769.4,0,false,annmiller,Fun!23
689,Jose,Farley,12/9/1940,Employee,11192.47,0,true,josefarley,Fun!23
690,Carl,Foley,7/1/1905,Employee,9230.94,0,true,carlfoley,Fun!23
691,Christine,Ellis,10/4/1962,Employee,4006.74,0,false,christineellis,Fun!23
692,John,Blevins,2/3/1981,Employee,13479.76,0,true,johnblevins,Fun!23
693,Travis,Burton,8/25/1978,Employee,13229.18,0,true,travisburton,Fun!23
694,Timothy,Bernard,1/13/1982,Employee,14336.21,0,false,timothybernard,Fun!23
695,Christina,Dodson,6/25/1961,Employee,13590.62,0,false,christinadodson,Fun!23
696,Andrew,Atkins,2/16/1979,Employee,6643.17,0,true,andrewatkins,Fun!23
697,Jeffrey,Best,6/25/1915,Employee,18165.16,0,true,jeffreybest,Fun!23
698,Perry,Hill,5/15/1911,Employee,8907.11,0,true,perryhill,Fun!23
699,Mary,Lee,10/24/1946,Employee,10230.64,0,true,marylee,Fun!23
700,Julia,Young,12/2/1965,Employee,5661.26,0,false,juliayoung,Fun!23
701,John,Blair,9/7/1904,Employee,9673.95,0,false,johnblair,Fun!23
702,John,Hill,11/22/1919,Employee,16738.04,0,true,johnhill,Fun!23
703,Wesley,Williamson,3/31/1939,Employee,19656.63,0,false,wesleywilliamson,Fun!23
704,Christopher,Davis,3/12/2000,Employee,14615.38,0,false,christopherdavis,Fun!23
705,Leonard,King,12/1/1934,Employee,10858.75,0,false,leonardking,Fun!23
706,Gary,Smith,8/4/1985,Employee,14034.55,0,false,garysmith,Fun!23
707,Thomas,Sanders,6/26/1956,Employee,13842.42,0,false,thomassanders,Fun!23
708,John,Davis,9/8/1923,Employee,18246.76,0,false,johndavis,Fun!23
709,Thomas,Hall,12/19/1955,Employee,15064.02,0,true,thomashall,Fun!23
710,Douglas,Hernandez,10/11/1955,Employee,15484.17,0,false,douglashernandez,Fun!23
711,Miranda,Mason,12/9/1920,Employee,8793.13,0,false,mirandamason,Fun!23
712,Teresa,Stewart,2/7/1924,Employee,7196.03,0,true,teresastewart,Fun!23
713,Anthony,Adams,5/4/1968,Employee,17117.99,0,true,anthonyadams,Fun!23
714,Timothy,Jones,3/20/1995,Employee,14238.25,0,false,timothyjones,Fun!23
715,Jermaine,Dean,4/6/1900,Employee,18583.62,0,false,jermainedean,Fun!23
716,Joshua,Banks,11/12/1953,Employee,7625.3,0,true,joshuabanks,Fun!23
717,Daniel,Smith,5/20/1961,Employee,14769.94,0,false,danielsmith,Fun!23
718,Victor,Harris,11/30/1909,Employee,5147.52,0,false,victorharris,Fun!23
719,Phillip,Meyer,6/17/1973,Employee,14772.39,0,false,phillipmeyer,Fun!23
720,Cody,Robles,8/16/1922,Employee,9054.27,0,true,codyrobles,Fun!23
721,Carmen,Hays,10/18/1929,Employee,19872.5,0,false,carmenhays,Fun!23
722,Jorge,Haley,1/9/1913,Employee,6927.9,0,true,jorgehaley,Fun!23
723,Sean,Hernandez,7/27/1960,Employee,14601.65,0,false,seanhernandez,Fun!23
724,Kelly,Jordan,11/7/1917,Employee,17019.86,0,false,kellyjordan,Fun!23
725,Joshua,Hickman,11/13/1996,Employee,15573.09,0,true,joshuahickman,Fun!23
726,Jennifer,Guzman,9/18/1936,Employee,12175.43,0,true,jenniferguzman,Fun!23
727,Nathan,Thompson,10/27/1991,Employee,11779.88,0,true,nathanthompson,Fun!23
728,William,Adkins,6/12/1997,Employee,14532.09,0,true,williamadkins,Fun!23
729,Willie,Hobbs,6/16/1987,Employee,16558.44,0,true,williehobbs,Fun!23
730,Holly,Cruz,10/12/1953,Employee,3984.39,0,true,hollycruz,Fun!23
731,John,Jones,6/17/1976,Employee,12499.8,0,false,johnjones,Fun!23
732,Allison,Weaver,8/1/1978,Employee,19791.21,0,true,allisonweaver,Fun!23
733,Michael,Nunez,11/16/1976,Employee,17177.39,0,true,michaelnunez,Fun!23
734,Douglas,Bryant,5/14/1999,Employee,14144.3,0,true,douglasbryant,Fun!23
735,Christopher,Underwood,11/14/1992,Employee,3141.57,0,true,christopherunderwood,Fun!23
736,Kimberly,Roberts,5/10/1999,Employee,9191.67,0,false,kimberlyroberts,Fun!23
737,Michael,Cowan,9/21/1971,Employee,10586.41,0,false,michaelcowan,Fun!23
738,Michael,Mccormick,1/31/1910,Employee,3629.09,0,false,michaelmccormick,Fun!23
739,Jennifer,Bailey,10/5/1987,Employee,6974.08,0,false,jenniferbailey,Fun!23
740,Jerry,Gamble,8/12/1993,Employee,19964.58,0,false,jerrygamble,Fun!23
741,Henry,Salazar,12/8/1975,Employee,16014.56,0,true,henrysalazar,Fun!23
742,Kevin,Boone,9/22/1910,Employee,3979.65,0,true,kevinboone,Fun!23
743,Rodney,Mcneil,6/10/1911,Employee,5264.84,0,false,rodneymcneil,Fun!23
744,Angela,Carney,7/21/1942,Employee,13541.04,0,false,angelacarney,Fun!23
745,Dennis,Smith,2/18/1919,Employee,15403.39,0,true,dennissmith,Fun!23
746,Jared,Scott,5/22/1964,Employee,6403.88,0,false,jaredscott,Fun!23
747,Monica,Craig,10/1/1997,Employee,18134.03,0,false,monicacraig,Fun!23
748,Sandy,Blackwell,5/14/1998,Employee,12024.69,0,false,sandyblackwell,Fun!23
749,Brittney,Daniel,3/23/1924,Employee,17687.09,0,false,brittneydaniel,Fun!23
750,Rebecca,Fisher,5/13/1971,Employee,10844,0,false,rebeccafisher,Fun!23
751,Nicole,Hart,3/4/1964,Employee,16257.24,0,true,nicolehart,Fun!23
752,Howard,Davenport,4/2/1901,Employee,9439.39,0,false,howarddavenport,Fun!23
753,Anita,Fletcher,12/14/1959,Employee,19304.95,0,false,anitafletcher,Fun!23
754,Elizabeth,Torres,4/22/1986,Employee,8296.68,0,false,elizabethtorres,Fun!23
755,Jeffrey,Rodriguez,1/14/1954,Employee,18569.01,0,true,jeffreyrodriguez,Fun!23
756,Megan,Smith,10/11/1918,Employee,8704.23,0,false,megansmith,Fun!23
757,David,Summers,1/16/1938,Employee,5156.1,0,true,davidsummers,Fun!23
758,Brian,Rojas,11/24/1984,Employee,15723.53,0,false,brianrojas,Fun!23
759,Jennifer,Carr,1/24/1944,Employee,4892.62,0,true,jennifercarr,Fun!23
760,Tiffany,Jones,11/29/1947,Employee,14216.6,0,true,tiffanyjones,Fun!23
761,Catherine,Mann,3/3/1920,Employee,16674.54,0,true,catherinemann,Fun!23
762,Sara,Fox,9/4/1974,Employee,17301.98,0,true,sarafox,Fun!23
763,Jeremy,Foster,6/6/1957,Employee,6360.56,0,false,jeremyfoster,Fun!23
764,Michael,Flores,8/31/1927,Employee,17063.59,0,true,michaelflores,Fun!23
765,William,Rice,5/16/1994,Employee,8275,0,false,williamrice,Fun!23
766,Rachel,Hart,1/12/1928,Employee,3999.86,0,false,rachelhart,Fun!23
767,Richard,Sullivan,12/22/1904,Employee,9605.98,0,true,richardsullivan,Fun!23
768,Jennifer,Evans,1/15/1984,Employee,19084.77,0,false,jenniferevans,Fun!23
769,Brandy,Wilkerson,6/22/1989,Employee,16659.6,0,false,brandywilkerson,Fun!23
770,Laurie,Mendoza,3/19/1984,Employee,19692.97,0,false,lauriemendoza,Fun!23
771,Michelle,Ray,12/17/1908,Employee,8667.58,0,false,michelleray,Fun!23
772,Alexis,Black,3/12/1963,Employee,9919.81,0,true,alexisblack,Fun!23
773,Sean,Smith,10/18/1964,Employee,10070,0,true,seansmith,Fun!23
774,Elizabeth,Dominguez,9/2/1927,Employee,16099.17,0,false,elizabethdominguez,Fun!23
775,Lori,Johnson,7/26/1941,Employee,8540.55,0,true,lorijohnson,Fun!23
776,Bryan,Fields,12/24/1941,Employee,12771.28,0,true,bryanfields,Fun!23
777,Michael,Thomas,4/15/1951,Employee,8182.42,0,true,michaelthomas,Fun!23
778,Craig,Brown,12/26/1945,Employee,14929.17,0,false,craigbrown,Fun!23
779,Sabrina,Nguyen,3/5/1940,Employee,4600.37,0,false,sabrinanguyen,Fun!23
780,Hayden,Mcdaniel,10/29/1974,Employee,12171.08,0,true,haydenmcdaniel,Fun!23
781,Michelle,Rivera,1/27/1918,Employee,6996.06,0,false,michellerivera,Fun!23
782,Alexandra,Simpson,7/2/1995,Employee,16201.43,0,false,alexandrasimpson,Fun!23
783,Richard,Paul,1/25/1944,Employee,9194.22,0,false,richardpaul,Fun!23
784,Keith,Christensen,11/7/1981,Employee,4215.75,0,false,keithchristensen,Fun!23
785,Patrick,Bennett,11/24/1915,Employee,15203.63,0,true,patrickbennett,Fun!23
786,Patricia,Mcdonald,8/28/1905,Employee,18762.47,0,false,patriciamcdonald,Fun!23
787,Tracy,Fitzgerald,12/6/1984,Employee,9575.82,0,true,tracyfitzgerald,Fun!23
788,Kathy,Smith,7/10/1993,Employee,18382.54,0,false,kathysmith,Fun!23
789,Teresa,Taylor,5/9/1983,Employee,6278.01,0,true,teresataylor,Fun!23
790,Hector,Whitney,4/6/1966,Employee,12991.24,0,false,hectorwhitney,Fun!23
791,Timothy,Johnson,9/9/1927,Employee,15594.82,0,false,timothyjohnson,Fun!23
792,Alyssa,Kelly,5/10/1927,Employee,3049.76,0,false,alyssakelly,Fun!23
793,Colleen,Hall,8/18/1968,Employee,15029.06,0,true,colleenhall,Fun!23
794,Erin,Jones,3/28/1905,Employee,6170.99,0,true,erinjones,Fun!23
795,Mark,Stewart,12/15/1912,Employee,6915.74,0,false,markstewart,Fun!23
796,Debra,Raymond,11/17/1924,Employee,19638.93,0,true,debraraymond,Fun!23
797,Erin,Mejia,5/18/1950,Employee,12936.44,0,false,erinmejia,Fun!23
798,Micheal,Sanders,9/12/1964,Employee,7645.05,0,true,michealsanders,Fun!23
799,Stephanie,Obrien,12/18/1997,Employee,10080.55,0,false,stephanieobrien,Fun!23
800,Holly,Davidson,2/23/1962,Employee,7419.06,0,false,hollydavidson,Fun!23
801,George,Ayala,1/28/1921,Employee,19033.63,0,true,georgeayala,Fun!23
802,Michelle,Oliver,5/29/1924,Employee,8462.44,0,true,michelleoliver,Fun!23
803,George,Proctor,1/6/1901,Employee,18693.84,0,true,georgeproctor,Fun!23
804,Michelle,Griffin,8/16/1990,Employee,18158.83,0,false,michellegriffin,Fun!23
805,Michelle,Maynard,11/14/1985,Employee,10682.4,0,true,michellemaynard,Fun!23
806,Elizabeth,Castillo,1/18/1913,Employee,3856.83,0,true,elizabethcastillo,Fun!23
807,Jonathan,Martinez,1/12/1961,Employee,10968.48,0,false,jonathanmartinez,Fun!23
808,Tanya,Johnson,4/1/2000,Employee,13360.87,0,false,tanyajohnson,Fun!23
809,Megan,Thompson,6/20/1964,Employee,10253.61,0,false,meganthompson,Fun!23
810,Emily,Estes,5/26/1923,Employee,17731.16,0,true,emilyestes,Fun!23
811,Melissa,Johnson,3/13/1913,Employee,18050.47,0,true,melissajohnson,Fun!23
812,Casey,Navarro,8/5/1985,Employee,12295.16,0,false,caseynavarro,Fun!23
813,Shawn,Lee,8/21/1913,Employee,14669.52,0,true,shawnlee,Fun!23
814,Brandi,Daniel,9/14/1946,Employee,3782.71,0,false,brandidaniel,Fun!23
815,Jose,Smith,6/28/1942,Employee,8592.35,0,false,josesmith,Fun!23
816,Alicia,Moran,5/12/1930,Employee,8468.69,0,false,aliciamoran,Fun!23
817,Jennifer,Jones,12/10/1918,Employee,16210.42,0,true,jenniferjones,Fun!23
818,Andrew,Norris,3/10/1911,Employee,6430.06,0,true,andrewnorris,Fun!23
819,Maria,Young,2/2/1948,Employee,7976.91,0,false,mariayoung,Fun!23
820,Ann,Rogers,12/27/1978,Employee,9962.28,0,false,annrogers,Fun!23
821,Felicia,Carlson,4/29/1942,Employee,18323.84,0,true,feliciacarlson,Fun!23
822,Chad,Green,8/27/1975,Employee,18896.37,0,false,chadgreen,Fun!23
823,Tanya,Turner,7/21/1957,Employee,19123.05,0,true,tanyaturner,Fun!23
824,Joseph,Fritz,12/22/1914,Employee,11914.52,0,false,josephfritz,Fun!23
825,James,Simpson,7/1/2000,Employee,7898.23,0,true,jamessimpson,Fun!23
826,Ernest,Bentley,4/8/1978,Employee,15691.29,0,false,ernestbentley,Fun!23
827,Crystal,Hayes,11/15/1968,Employee,13714.38,0,true,crystalhayes,Fun!23
828,Jessica,Lloyd,12/14/1961,Employee,18645.57,0,true,jessicalloyd,Fun!23
829,Julie,Shaw,9/29/1919,Employee,15018.76,0,false,julieshaw,Fun!23
830,Mark,Thompson,1/8/1991,Employee,11670.61,0,false,markthompson,Fun!23
831,Michael,Prince,6/27/1904,Employee,9243.16,0,true,michaelprince,Fun!23
832,Craig,Fleming,3/7/1968,Employee,18854.77,0,false,craigfleming,Fun!23
833,Michael,Williamson,12/15/1918,Employee,17177.17,0,false,michaelwilliamson,Fun!23
834,Sarah,Stanton,5/1/1998,Employee,6248.3,0,false,sarahstanton,Fun!23
835,Marcia,Snyder,6/5/1915,Employee,16904.97,0,true,marciasnyder,Fun!23
836,Gary,Park,4/14/1923,Employee,10791.78,0,false,garypark,Fun!23
837,Cynthia,Ellis,10/29/1981,Employee,13279.04,0,false,cynthiaellis,Fun!23
838,Victoria,White,7/10/1923,Employee,19296.34,0,false,victoriawhite,Fun!23
839,Juan,Brock,7/6/1924,Employee,10106.98,0,false,juanbrock,Fun!23
840,Sandra,Newton,5/26/1998,Employee,12429.49,0,true,sandranewton,Fun!23
841,Victor,Anderson,9/24/1999,Employee,19545.33,0,false,victoranderson,Fun!23
842,Dana,Miller,2/5/1948,Employee,13452.86,0,false,danamiller,Fun!23
843,Kevin,Tran,5/25/1989,Employee,15808.44,0,false,kevintran,Fun!23
844,Linda,Miller,8/17/1901,Employee,15805.64,0,false,lindamiller,Fun!23
845,Jacob,Norton,2/8/1913,Employee,15366.9,0,true,jacobnorton,Fun!23
846,Joshua,Gomez,2/12/1924,Employee,5679.66,0,false,joshuagomez,Fun!23
847,Robin,Wilson,2/1/1941,Employee,7230.57,0,true,robinwilson,Fun!23
848,Amy,Parsons,5/2/1906,Employee,13642.53,0,false,amyparsons,Fun!23
849,Philip,Holt,12/5/1933,Employee,16798.68,0,true,philipholt,Fun!23
850,Alison,Hicks,1/2/1956,Employee,11301.01,0,false,alisonhicks,Fun!23
851,Alexander,Wilson,4/30/1950,Employee,9465.41,0,false,alexanderwilson,Fun!23
852,Nicole,Lloyd,6/10/1994,Employee,16393.27,0,true,nicolelloyd,Fun!23
853,Michael,Clarke,5/30/1939,Employee,4346.11,0,false,michaelclarke,Fun!23
854,Nicholas,Smith,10/12/1938,Employee,17994.61,0,false,nicholassmith,Fun!23
855,Laurie,Johnson,7/13/1999,Employee,12435.2,0,false,lauriejohnson,Fun!23
856,George,Gilbert,11/30/1969,Employee,13232.95,0,false,georgegilbert,Fun!23
857,Kristine,Smith,10/16/1977,Employee,9981.17,0,false,kristinesmith,Fun!23
858,Kevin,Harrison,8/11/1985,Employee,17794.9,0,true,kevinharrison,Fun!23
859,Karl,Davis,5/28/1903,Employee,7111.07,0,true,karldavis,Fun!23
860,Lisa,Peters,5/20/1980,Employee,18961.79,0,true,lisapeters,Fun!23
861,Paul,Harmon,5/26/1967,Employee,9584.37,0,true,paulharmon,Fun!23
862,Brandon,Miller,3/14/1971,Employee,5438.67,0,false,brandonmiller,Fun!23
863,Mark,Gonzalez,7/6/1912,Employee,18019.63,0,true,markgonzalez,Fun!23
864,Christopher,Lucero,4/12/1961,Employee,7050.95,0,true,christopherlucero,Fun!23
865,Sherry,Mora,6/6/1939,Employee,14092.24,0,false,sherrymora,Fun!23
866,Jody,Sanchez,7/18/1972,Employee,7820.32,0,false,jodysanchez,Fun!23
867,Christian,Ellis,3/14/1978,Employee,9613.1,0,false,christianellis,Fun!23
868,Sandra,Sutton,1/12/1933,Employee,11979.29,0,true,sandrasutton,Fun!23
869,Kenneth,House,1/28/1986,Employee,6596.4,0,true,kennethhouse,Fun!23
870,Wendy,Montoya,3/31/1985,Employee,11057.95,0,false,wendymontoya,Fun!23
871,Bryan,Wise,11/16/1900,Employee,9141.16,0,false,bryanwise,Fun!23
872,Joseph,Robinson,11/21/1951,Employee,17157.51,0,false,josephrobinson,Fun!23
873,Mindy,Ross,10/20/1966,Employee,5431.48,0,false,mindyross,Fun!23
874,Sonia,Durham,6/1/1921,Employee,17308.14,0,false,soniadurham,Fun!23
875,John,House,7/16/1903,Employee,4770.42,0,true,johnhouse,Fun!23
876,Carolyn,Dunn,11/9/1911,Employee,10385.29,0,false,carolyndunn,Fun!23
877,Curtis,Phillips,1/13/1912,Employee,19333.14,0,false,curtisphillips,Fun!23
878,Kenneth,Boyd,11/6/1957,Employee,14254.48,0,false,kennethboyd,Fun!23
879,Jennifer,Davidson,4/29/1978,Employee,12722.09,0,false,jenniferdavidson,Fun!23
880,Brett,Higgins,4/6/1974,Employee,14174.9,0,true,bretthiggins,Fun!23
881,Brett,Wallace,1/21/1976,Employee,9247.34,0,false,brettwallace,Fun!23
882,Tyrone,Alvarado,5/2/1968,Employee,3337.96,0,false,tyronealvarado,Fun!23
883,Christina,Villanueva,3/29/1956,Employee,3103.96,0,false,christinavillanueva,Fun!23
884,Mark,Washington,5/14/1917,Employee,3038.18,0,false,markwashington,Fun!23
885,Emily,Cole,10/17/1937,Employee,10399.73,0,true,emilycole,Fun!23
886,Kelly,Herring,2/24/1991,Employee,4867.52,0,false,kellyherring,Fun!23
887,Joseph,Davis,3/13/1901,Employee,5707.59,0,true,josephdavis,Fun!23
888,Stephanie,Williams,10/18/1920,Employee,19529.24,0,true,stephaniewilliams,Fun!23
889,Jorge,Huerta,1/12/1931,Employee,5763.79,0,false,jorgehuerta,Fun!23
890,Jesse,Dunn,9/10/1920,Employee,8763.7,0,true,jessedunn,Fun!23
891,Lauren,Coleman,10/23/1932,Employee,4256.66,0,false,laurencoleman,Fun!23
892,Jack,Morgan,2/20/1969,Employee,10171.23,0,false,jackmorgan,Fun!23
893,Matthew,Mason,2/25/1934,Employee,7761.3,0,true,matthewmason,Fun!23
894,Olivia,Richardson,3/12/1961,Employee,12124.86,0,true,oliviarichardson,Fun!23
895,Justin,Hawkins,8/16/1962,Employee,11349.36,0,false,justinhawkins,Fun!23
896,Amy,Morse,4/1/1941,Employee,8903.18,0,true,amymorse,Fun!23
897,Barbara,Love,1/22/1928,Employee,10430.09,0,false,barbaralove,Fun!23
898,David,Clark,5/20/1907,Employee,16007.78,0,false,davidclark,Fun!23
899,Danielle,Chavez,12/13/1962,Employee,7394.39,0,true,daniellechavez,Fun!23
900,Andre,Ramos,3/6/1902,Employee,3705.12,0,true,andreramos,Fun!23
901,Emily,Chang,5/7/1947,Employee,13016.75,0,true,emilychang,Fun!23
902,Penny,Mcdaniel,2/11/1950,Employee,7750.65,0,false,pennymcdaniel,Fun!23
903,Christina,Carter,1/20/1933,Employee,19088.05,0,false,christinacarter,Fun!23
904,Jennifer,Huang,1/30/1968,Employee,9178.07,0,false,jenniferhuang,Fun!23
905,Melissa,Evans,11/28/1984,Employee,18140.3,0,true,melissaevans,Fun!23
906,Rodney,Moss,12/21/1962,Employee,6790.06,0,false,rodneymoss,Fun!23
907,Anthony,Kramer,1/28/1947,Employee,7726.89,0,false,anthonykramer,Fun!23
908,Carlos,Irwin,11/24/1979,Employee,16304.05,0,true,carlosirwin,Fun!23
909,Victoria,Ellis,12/31/1912,Employee,8797.06,0,false,victoriaellis,Fun!23
910,Kelly,Wilson,10/18/1968,Employee,11963.22,0,false,kellywilson,Fun!23
911,Brendan,Phillips,11/20/1941,Employee,13886.99,0,false,brendanphillips,Fun!23
912,Deanna,Cummings,3/28/1915,Employee,15302.75,0,false,deannacummings,Fun!23
913,Christopher,Ortega,7/8/1975,Employee,9309.01,0,false,christopherortega,Fun!23
914,Amanda,Johnson,12/10/1952,Employee,14438.55,0,true,amandajohnson,Fun!23
915,April,Lopez,5/29/1902,Employee,15833.98,0,false,aprillopez,Fun!23
916,James,Watson,3/15/1955,Employee,12469.79,0,true,jameswatson,Fun!23
917,Kara,Summers,11/6/1986,Employee,7443.06,0,false,karasummers,Fun!23
918,Lisa,Jackson,7/10/1901,Employee,7217.37,0,false,lisajackson,Fun!23
919,Steven,Miller,6/22/1923,Employee,13007.99,0,true,stevenmiller,Fun!23
920,Donald,Villanueva,5/11/1964,Employee,19336.48,0,true,donaldvillanueva,Fun!23
921,Gary,Mckenzie,7/25/1951,Employee,16433.83,0,true,garymckenzie,Fun!23
922,Gregory,Short,11/27/1941,Employee,17290.66,0,false,gregoryshort,Fun!23
923,Dana,Park,11/11/1950,Employee,4692.42,0,false,danapark,Fun!23
924,Matthew,Khan,3/20/1988,Employee,11774.48,0,false,matthewkhan,Fun!23
925,Erica,Burch,3/10/1976,Employee,6435.96,0,false,ericaburch,Fun!23
926,Dalton,Bryant,1/4/1925,Employee,16737.87,0,false,daltonbryant,Fun!23
927,Ruth,Ponce,3/19/1909,Employee,5271.78,0,true,ruthponce,Fun!23
928,Mary,Grant,10/15/1947,Employee,12553.4,0,false,marygrant,Fun!23
929,Sarah,Taylor,10/26/1918,Employee,16482.59,0,true,sarahtaylor,Fun!23
930,Jennifer,Schneider,3/2/1977,Employee,3570.51,0,true,jenniferschneider,Fun!23
931,Tyler,Evans,7/14/1992,Employee,11100.3,0,false,tylerevans,Fun!23
932,David,Hayes,4/20/1959,Employee,13354.64,0,false,davidhayes,Fun!23
933,Kimberly,Miller,6/25/1985,Employee,13399.74,0,false,kimberlymiller,Fun!23
934,Dennis,Cooper,9/24/1988,Employee,19046.71,0,false,denniscooper,Fun!23
935,Phillip,Richardson,12/13/1975,Employee,3357.77,0,false,philliprichardson,Fun!23
936,Sharon,Gillespie,7/22/1963,Employee,18415,0,true,sharongillespie,Fun!23
937,Denise,Johnson,2/19/1944,Employee,19808.34,0,true,denisejohnson,Fun!23
938,Kylie,King,3/4/1909,Employee,12852.74,0,false,kylieking,Fun!23
939,Carol,Elliott,2/8/1928,Employee,12203.65,0,false,carolelliott,Fun!23
940,Elizabeth,Rodriguez,4/13/1951,Employee,11673.12,0,true,elizabethrodriguez,Fun!23
941,Ana,Andrade,1/31/1955,Employee,9286.57,0,true,anaandrade,Fun!23
942,Sharon,Castillo,10/11/1925,Employee,9447.11,0,false,sharoncastillo,Fun!23
943,Paul,Herman,5/19/1984,Employee,3992.6,0,true,paulherman,Fun!23
944,Amber,Conley,5/3/1902,Employee,13779.66,0,false,amberconley,Fun!23
945,Suzanne,Kennedy,1/3/1959,Employee,8810.97,0,false,suzannekennedy,Fun!23
946,Brett,Mathis,3/23/1907,Employee,12611.26,0,true,brettmathis,Fun!23
947,Ashley,Frye,1/13/1934,Employee,13993.13,0,false,ashleyfrye,Fun!23
948,Ronald,Martinez,2/4/1986,Employee,3927.69,0,true,ronaldmartinez,Fun!23
949,Daniel,Summers,4/19/1975,Employee,14460.43,0,false,danielsummers,Fun!23
950,Robert,Wang,2/8/1906,Employee,3704.21,0,false,robertwang,Fun!23
951,Katherine,Mcdonald,5/27/1945,Employee,5884.84,0,true,katherinemcdonald,Fun!23
952,Mitchell,Gross,1/30/1916,Employee,7179.44,0,false,mitchellgross,Fun!23
953,Darrell,Jones,8/22/1909,Employee,13770.12,0,true,darrelljones,Fun!23
954,Jennifer,Hernandez,2/14/1947,Employee,3679.4,0,false,jenniferhernandez,Fun!23
955,Amy,Hall,9/28/1945,Employee,7939.05,0,true,amyhall,Fun!23
956,Ryan,Washington,11/12/1947,Employee,7731.25,0,true,ryanwashington,Fun!23
957,Robert,Flores,10/10/1928,Employee,4453.71,0,false,robertflores,Fun!23
958,Becky,Simpson,8/6/1976,Employee,5537.11,0,false,beckysimpson,Fun!23
959,Alexandra,Cook,2/6/1916,Employee,18884.37,0,true,alexandracook,Fun!23
960,Miranda,Walker,6/14/1977,Employee,13001.39,0,true,mirandawalker,Fun!23
961,Ashley,Morales,1/10/1986,Employee,13132.82,0,false,ashleymorales,Fun!23
962,Vincent,Harrison,10/16/1905,Employee,14027.48,0,true,vincentharrison,Fun!23
963,Christopher,Berry,2/12/1936,Employee,6732.53,0,true,christopherberry,Fun!23
964,Roger,Casey,9/9/1912,Employee,14493.87,0,true,rogercasey,Fun!23
965,James,Simmons,11/28/1984,Employee,4594.53,0,true,jamessimmons,Fun!23
966,Mary,Anderson,11/11/1949,Employee,15434.94,0,true,maryanderson,Fun!23
967,Andrea,Riley,12/21/1976,Employee,11687.48,0,false,andreariley,Fun!23
968,Krista,Beck,9/24/1966,Employee,18783.42,0,false,kristabeck,Fun!23
969,Amy,Fuller,12/28/1918,Employee,8987.82,0,true,amyfuller,Fun!23
970,Jeremy,Rocha,2/18/1907,Employee,17776.27,0,false,jeremyrocha,Fun!23
971,Tammy,Waters,4/16/1902,Employee,14938.9,0,true,tammywaters,Fun!23
972,Douglas,Mckay,7/6/1940,Employee,6422.25,0,true,douglasmckay,Fun!23
973,Terrence,Dixon,2/5/1927,Employee,5826.75,0,false,terrencedixon,Fun!23
974,John,Hansen,3/10/1922,Employee,7132.73,0,false,johnhansen,Fun!23
975,Jerry,Rodriguez,6/20/1945,Employee,7082.05,0,false,jerryrodriguez,Fun!23
976,Donald,Ramirez,7/17/1999,Employee,4226.12,0,false,donaldramirez,Fun!23
977,Stephanie,Perry,8/11/1962,Employee,11231.99,0,true,stephanieperry,Fun!23
978,Samuel,Burton,4/3/1998,Employee,17055.09,0,true,samuelburton,Fun!23
979,Anthony,Byrd,11/27/1916,Employee,8131.24,0,true,anthonybyrd,Fun!23
980,Marissa,Henry,6/22/1921,Employee,10878.28,0,false,marissahenry,Fun!23
981,Mariah,Black,8/26/1944,Employee,3812.76,0,true,mariahblack,Fun!23
982,Sara,West,6/5/1988,Employee,12113.05,0,true,sarawest,Fun!23
983,Jennifer,Preston,1/2/1969,Employee,18606.16,0,false,jenniferpreston,Fun!23
984,Monica,Sullivan,1/27/1954,Employee,13245.56,0,false,monicasullivan,Fun!23
985,Luis,Solomon,7/13/1943,Employee,14153.44,0,false,luissolomon,Fun!23
986,Michael,Johnson,12/14/1951,Employee,9636.27,0,false,michaeljohnson,Fun!23
987,Stacy,Maldonado,5/15/1901,Employee,9579.21,0,true,stacymaldonado,Fun!23
988,Carmen,Petersen,5/14/1984,Employee,18319.9,0,false,carmenpetersen,Fun!23
989,Zachary,Campbell,9/7/1997,Employee,13052.16,0,false,zacharycampbell,Fun!23
990,Timothy,Greene,1/22/1943,Employee,13404.38,0,false,timothygreene,Fun!23
991,Emily,Jackson,2/14/1952,Employee,10994.18,0,true,emilyjackson,Fun!23
992,Paul,Salas,4/13/1988,Employee,13372.76,0,true,paulsalas,Fun!23
993,Danielle,Conrad,10/21/1962,Employee,5131.27,0,true,danielleconrad,Fun!23
994,Robert,Kennedy,6/28/1942,Employee,6077.56,0,true,robertkennedy,Fun!23
995,Diana,Rivera,2/6/1933,Employee,8370.92,0,true,dianarivera,Fun!23
996,Shawn,Santos,5/13/1938,Employee,12524.08,0,true,shawnsantos,Fun!23
997,Jamie,Brown,11/29/1986,Employee,18976.8,0,true,jamiebrown,Fun!23
998,Elizabeth,Medina,5/8/1985,Employee,4349.84,0,false,elizabethmedina,Fun!23
999,Kimberly,Mejia,6/11/1997,Employee,17275.37,0,true,kimberlymejia,Fun!23
1000,Lori,Livingston,6/19/1975,Employee,3265.95,0,true,lorilivingston,Fun!23
1001,Ryan,Peterson,6/30/1913,Employee,7245.54,0,true,ryanpeterson,Fun!23
1002,Andrew,Hall,7/9/1950,Employee,13440.47,0,false,andrewhall,Fun!23
1003,David,Johnson,2/17/1971,Employee,7495.41,0,false,davidjohnson,Fun!23
1004,Joseph,Hanna,10/9/1949,Employee,11108.83,0,true,josephhanna,Fun!23
1005,Tammy,Thomas,12/24/1901,Employee,17156.64,0,false,tammythomas,Fun!23
1006,Elizabeth,Jackson,3/22/1974,Employee,16960.11,0,false,elizabethjackson,Fun!23
1007,Melissa,Holt,2/10/1903,Employee,4503.68,0,false,melissaholt,Fun!23
1008,Laura,Williams,7/24/1908,Employee,10581.76,0,true,laurawilliams,Fun!23
1009,Courtney,Olsen,11/24/1945,Employee,9422.66,0,false,courtneyolsen,Fun!23
1010,Beth,Moss,1/20/1937,Employee,10608.48,0,true,bethmoss,Fun!23
1011,Charles,Chambers,11/19/1904,Employee,6481,0,false,charleschambers,Fun!23
1012,Mikayla,Dennis,3/7/1940,Employee,14257.39,0,false,mikayladennis,Fun!23
1013,Carlos,Lynch,4/7/1932,Employee,18611.84,0,true,carloslynch,Fun!23
1014,Austin,Lewis,7/11/1964,Employee,5535.77,0,false,austinlewis,Fun!23
1015,Patricia,Hughes,7/4/1982,Employee,3754,0,true,patriciahughes,Fun!23
1016,John,Sanders,8/20/1955,Employee,13573.13,0,false,johnsanders,Fun!23
1017,Kim,Craig,6/17/1900,Employee,12070.06,0,true,kimcraig,Fun!23
1018,James,Mitchell,6/7/1988,Employee,17416.02,0,true,jamesmitchell,Fun!23
1019,Thomas,Stevenson,9/26/1997,Employee,5901.3,0,false,thomasstevenson,Fun!23
1020,Tonya,Elliott,7/16/1902,Employee,12838.72,0,false,tonyaelliott,Fun!23
1021,Mark,Butler,10/16/1950,Employee,14101.5,0,true,markbutler,Fun!23
1022,Bryan,Massey,12/21/1919,Employee,5367.28,0,false,bryanmassey,Fun!23
1023,Lisa,Yu,5/27/1947,Employee,16709.39,0,false,lisayu,Fun!23
1024,Kristen,Martinez,6/21/1902,Employee,3978.24,0,true,kristenmartinez,Fun!23
1025,Maria,Kelly,2/23/1954,Employee,9569.54,0,true,mariakelly,Fun!23
1026,Timothy,Wagner,12/22/1963,Employee,14903.6,0,false,timothywagner,Fun!23
1027,Erin,Barton,1/22/1937,Employee,5683.07,0,true,erinbarton,Fun!23
1028,Stephen,Peters,9/19/1958,Employee,19306.85,0,true,stephenpeters,Fun!23
1029,Jessica,Smith,12/26/1930,Employee,4717.36,0,true,jessicasmith,Fun!23
1030,Vanessa,Carson,7/9/1950,Employee,12971.45,0,true,vanessacarson,Fun!23
1031,Wendy,Phillips,9/20/1902,Employee,6909.9,0,false,wendyphillips,Fun!23
1032,Kimberly,Harris,6/20/1947,Employee,3401.79,0,false,kimberlyharris,Fun!23
1033,Angela,English,12/6/1965,Employee,5431.79,0,false,angelaenglish,Fun!23
1034,Taylor,Johnson,2/1/1980,Employee,16269.15,0,true,taylorjohnson,Fun!23
1035,Brooke,Maxwell,8/28/1926,Employee,12192.48,0,true,brookemaxwell,Fun!23
1036,Shelly,Jones,7/6/1938,Employee,10263.59,0,true,shellyjones,Fun!23
1037,Cory,Byrd,4/8/1930,Employee,14720.1,0,false,corybyrd,Fun!23
1038,Amanda,Baker,3/11/1998,Employee,6820.6,0,true,amandabaker,Fun!23
1039,Kendra,Sawyer,8/16/1945,Employee,5224.52,0,false,kendrasawyer,Fun!23